0,shrimp
0,almonds
0,avocado
0,vegetables mix
0,green grapes
1,burgers
1,meatballs
1,eggs
2,chutney
3,turkey
3,avocado
4,mineral water
4,milk
4,energy bar
4,whole wheat rice
4,green tea
5,low fat yogurt
6,whole wheat pasta
6,french fries
7,soup
7,light cream
7,shallot
8,frozen vegetables
8,spaghetti
8,green tea
9,french fries
10,eggs
10,pet food
11,cookies
12,turkey
12,burgers
12,mineral water
12,eggs
12,cooking oil
13,spaghetti
13,champagne
13,cookies
14,mineral water
14,salmon
15,mineral water
16,shrimp
16,chocolate
16,chicken
16,honey
16,oil
17,turkey
17,eggs
18,turkey
18,fresh tuna
18,tomatoes
18,spaghetti
18,mineral water
19,meatballs
19,milk
19,honey
19,french fries
19,protein bar
20,red wine
20,shrimp
20,pasta
20,pepper
20,eggs
21,rice
21,sparkling water
22,spaghetti
22,mineral water
22,ham
22,body spray
22,pancakes
23,burgers
23,grated cheese
23,shrimp
23,pasta
23,avocado
24,eggs
25,parmesan cheese
25,spaghetti
25,soup
25,avocado
25,milk
26,ground beef
26,spaghetti
26,mineral water
26,milk
26,energy bar
27,sparkling water
28,mineral water
28,eggs
28,chicken
28,chocolate
28,french fries
29,frozen vegetables
29,spaghetti
29,yams
29,mineral water
30,herb & pepper
30,tomato sauce
30,light cream
30,magazines
31,mineral water
31,chocolate
31,avocado
31,eggs
32,turkey
32,french fries
32,strawberries
33,frozen vegetables
33,strong cheese
33,chocolate
34,cookies
35,pickles
35,spaghetti
35,salmon
35,escalope
36,energy bar
36,french fries
37,red wine
37,ground beef
37,mineral water
38,mineral water
38,cake
38,cottage cheese
39,pickles
39,champagne
39,green tea
40,spaghetti
41,fresh tuna
41,frozen vegetables
41,spaghetti
41,mineral water
41,honey
42,spaghetti
43,soup
43,meatballs
43,hot dogs
43,sparkling water
44,escalope
45,soup
45,avocado
45,french fries
45,hot dogs
45,brownies
46,mineral water
46,chicken
46,cereals
46,clothes accessories
47,mineral water
47,bug spray
48,avocado
48,muffins
49,burgers
49,black tea
49,green tea
50,spaghetti
50,chocolate
50,brownies
50,white wine
50,green tea
51,fresh tuna
51,mineral water
51,eggs
52,spaghetti
52,muffins
53,spaghetti
53,chocolate
54,french fries
54,escalope
54,champagne
55,tomato sauce
55,light mayo
56,turkey
56,fresh tuna
56,frozen vegetables
56,tomatoes
56,ground beef
57,eggs
57,cookies
58,soup
58,chicken
58,gums
58,soda
58,body spray
59,turkey
59,frozen vegetables
59,mineral water
59,cider
59,cooking oil
60,spaghetti
61,clothes accessories
62,energy drink
63,soup
63,bug spray
63,shallot
63,protein bar
63,green tea
64,turkey
64,eggs
65,french fries
66,chocolate
66,milk
67,herb & pepper
67,whole wheat pasta
67,ground beef
67,mineral water
67,avocado
68,cookies
69,shrimp
69,pasta
70,grated cheese
70,herb & pepper
70,tomatoes
70,tomato sauce
70,corn
71,burgers
71,escalope
71,shallot
72,cookies
73,yogurt cake
74,soup
74,eggs
75,cookies
76,mineral water
76,chocolate
76,low fat yogurt
77,eggs
77,strawberries
78,grated cheese
78,ground beef
78,spaghetti
78,mineral water
78,white wine
79,mint
80,eggs
80,cake
80,french fries
81,burgers
81,spaghetti
81,milk
81,french fries
81,green tea
82,mineral water
82,energy bar
82,butter
82,french fries
83,burgers
83,grated cheese
83,herb & pepper
83,mineral water
83,eggs
84,energy bar
85,energy bar
85,energy drink
86,chocolate
86,frozen smoothie
87,low fat yogurt
88,asparagus
88,salad
89,burgers
89,french fries
89,low fat yogurt
89,green tea
90,low fat yogurt
91,burgers
91,herb & pepper
91,shrimp
91,pasta
91,spaghetti
92,champagne
92,low fat yogurt
93,champagne
94,burgers
94,almonds
94,eggs
94,french fries
94,cookies
95,ham
95,soup
95,escalope
95,body spray
96,turkey
96,ham
96,frozen vegetables
96,pepper
96,oil
97,muffins
97,eggs
97,cookies
98,cookies
99,frozen vegetables
99,whole wheat pasta
99,ground beef
99,spaghetti
99,chocolate
100,mineral water
100,barbecue sauce
100,chocolate
101,burgers
101,herb & pepper
101,energy bar
101,almonds
101,eggs
102,turkey
102,burgers
102,ground beef
102,chocolate
102,soup
103,ham
103,spaghetti
103,chocolate
103,eggs
104,ground beef
104,energy bar
104,pet food
104,carrots
104,protein bar
105,ground beef
105,tomato sauce
105,spaghetti
105,mineral water
105,almonds
106,mineral water
106,olive oil
106,gums
106,cooking oil
107,shrimp
107,pasta
107,mineral water
107,soup
107,avocado
108,shrimp
108,pasta
108,soup
108,cake
108,cooking oil
109,spaghetti
109,mineral water
109,chocolate
109,french fries
109,champagne
110,shrimp
110,pasta
110,mineral water
110,eggs
111,burgers
111,oil
111,tomato juice
111,fresh bread
112,french wine
112,eggs
112,chocolate
112,low fat yogurt
113,chicken
113,eggs
113,french fries
113,pancakes
114,turkey
114,herb & pepper
114,salmon
114,white wine
114,candy bars
115,grated cheese
115,spaghetti
115,olive oil
115,eggs
115,french fries
116,mineral water
116,energy bar
117,eggs
117,french fries
118,burgers
118,tomatoes
118,mineral water
118,soup
118,milk
119,muffins
120,pasta
121,tomatoes
121,spaghetti
121,frozen smoothie
122,ground beef
122,spaghetti
122,milk
123,french fries
124,chocolate
124,milk
125,burgers
125,shrimp
125,pasta
125,frozen vegetables
125,spaghetti
126,ground beef
126,mineral water
126,antioxydant juice
126,protein bar
127,grated cheese
127,whole wheat pasta
127,ground beef
127,spaghetti
127,cake
128,grated cheese
129,pancakes
130,frozen smoothie
131,carrots
131,green tea
132,chocolate
133,turkey
133,burgers
133,chocolate
133,olive oil
133,eggs
134,frozen vegetables
134,tomatoes
134,pepper
134,spaghetti
134,mineral water
135,cookies
136,ground beef
137,turkey
137,eggs
137,chocolate
137,frozen smoothie
137,tomato juice
138,frozen vegetables
138,cooking oil
138,mashed potato
139,frozen vegetables
139,ground beef
139,tomato sauce
139,mineral water
139,meatballs
140,red wine
140,spaghetti
140,mineral water
140,soup
140,milk
141,chocolate
141,tomatoes
141,spaghetti
141,mineral water
141,avocado
142,chocolate
142,shrimp
142,pasta
142,frozen vegetables
142,ground beef
143,turkey
143,shrimp
143,pasta
143,pepper
143,spaghetti
144,cookies
145,turkey
145,tomatoes
145,cake
146,yams
146,mineral water
146,soup
146,milk
146,pancakes
147,rice
148,chocolate
148,milk
149,shrimp
149,pasta
149,frozen vegetables
149,water spray
150,burgers
150,mineral water
150,milk
150,eggs
150,whole wheat rice
151,mineral water
151,vegetables mix
151,cake
151,frozen smoothie
151,brownies
152,cookies
153,shrimp
153,pasta
153,chicken
153,chocolate bread
154,shallot
155,shrimp
155,pasta
155,spaghetti
155,eggs
155,hot dogs
156,burgers
157,red wine
157,ground beef
157,spaghetti
157,mineral water
157,milk
158,burgers
158,grated cheese
158,spaghetti
158,avocado
158,milk
159,herb & pepper
159,whole wheat pasta
159,ground beef
159,mineral water
159,olive oil
160,shrimp
160,pasta
160,yams
160,milk
160,chocolate
161,butter
161,green tea
162,light mayo
163,low fat yogurt
164,herb & pepper
164,shrimp
164,pasta
164,spaghetti
164,milk
165,burgers
165,eggs
166,turkey
166,herb & pepper
166,ground beef
166,soup
166,avocado
167,cookies
168,escalope
169,pepper
169,french fries
169,strawberries
169,pancakes
169,low fat yogurt
170,frozen vegetables
170,yams
170,chicken
170,honey
170,light mayo
171,chocolate
171,champagne
172,herb & pepper
172,honey
172,cake
172,rice
172,protein bar
173,burgers
173,chocolate
173,frozen vegetables
173,ground beef
173,mineral water
174,chocolate
174,mineral water
174,corn
174,cottage cheese
174,green tea
175,muffins
176,ham
176,french wine
176,escalope
177,spaghetti
177,milk
177,whole wheat rice
177,mint green tea
178,chocolate
178,body spray
179,frozen vegetables
179,french fries
179,hot dogs
180,candy bars
181,burgers
181,shrimp
181,pasta
181,milk
181,green tea
182,parmesan cheese
182,ground beef
183,pancakes
183,whole wheat rice
183,candy bars
184,eggs
184,eggplant
184,cookies
185,frozen vegetables
185,mineral water
186,chocolate
187,turkey
187,spaghetti
187,milk
187,whole wheat rice
187,chocolate
188,whole wheat pasta
188,ground beef
188,spaghetti
188,soup
188,meatballs
189,cooking oil
189,tomato juice
190,frozen vegetables
190,milk
190,eggs
190,french fries
190,green tea
191,fresh tuna
191,spaghetti
191,olive oil
191,french wine
191,eggs
192,red wine
192,honey
192,hot dogs
193,milk
193,bacon
193,eggs
193,french fries
193,fresh bread
194,french fries
194,yogurt cake
195,milk
196,french fries
197,chocolate
198,burgers
198,ham
198,red wine
199,shrimp
199,pasta
199,tomatoes
199,energy bar
199,french wine
200,green tea
201,low fat yogurt
202,turkey
202,spaghetti
202,mineral water
202,soup
202,spinach
203,turkey
203,eggs
204,bug spray
204,hot dogs
205,oil
206,soup
206,energy bar
206,chicken
206,eggs
206,cake
207,spaghetti
207,chocolate
207,yogurt cake
208,turkey
208,mineral water
208,meatballs
209,ground beef
209,mineral water
209,chocolate
209,fromage blanc
209,bacon
210,frozen vegetables
210,mineral water
210,vegetables mix
210,escalope
211,herb & pepper
211,red wine
211,tomatoes
212,whole wheat pasta
212,olive oil
212,cereals
212,brownies
212,green tea
213,cookies
214,olive oil
214,cookies
214,mushroom cream sauce
215,ground beef
215,pancakes
215,cooking oil
215,gluten free bar
215,light mayo
216,mineral water
216,french fries
217,herb & pepper
218,salmon
219,eggs
219,escalope
220,mineral water
220,tomato juice
221,mineral water
222,shrimp
222,mineral water
222,soup
222,black tea
223,cake
223,frozen smoothie
224,turkey
224,burgers
224,grated cheese
224,tomatoes
224,chocolate
225,frozen vegetables
225,ground beef
225,mineral water
225,olive oil
225,pancakes
226,turkey
226,burgers
226,ground beef
226,milk
226,olive oil
227,whole wheat pasta
227,ground beef
227,spaghetti
227,yams
227,mineral water
228,eggs
228,whole wheat rice
228,cake
228,green tea
228,escalope
229,ground beef
229,yams
229,soup
229,avocado
229,salmon
230,milk
231,spaghetti
231,chocolate
232,whole wheat pasta
232,honey
233,whole wheat pasta
233,green tea
234,spaghetti
234,meatballs
234,vegetables mix
234,chocolate
235,eggs
235,low fat yogurt
236,fresh tuna
236,shrimp
236,pasta
236,mineral water
236,olive oil
237,mineral water
237,green grapes
237,hot dogs
237,fresh bread
238,frozen vegetables
238,meatballs
238,eggs
238,chocolate
239,chocolate
240,meatballs
240,milk
241,low fat yogurt
242,green tea
243,escalope
243,pasta
244,pepper
244,chocolate
244,olive oil
244,french wine
244,salmon
245,red wine
245,french wine
245,vegetables mix
245,rice
245,clothes accessories
246,burgers
246,dessert wine
246,spaghetti
246,chicken
246,cake
247,french wine
247,cake
247,fresh bread
248,burgers
248,frozen vegetables
248,flax seed
248,eggs
249,red wine
250,pepper
250,mineral water
250,energy bar
250,green grapes
251,milk
251,eggs
251,cake
251,chocolate
251,french fries
252,french fries
253,almonds
254,burgers
254,mineral water
254,green tea
255,milk
255,pancakes
256,pancakes
256,eggs
256,salt
256,tomato juice
257,mineral water
258,ham
258,spaghetti
258,mineral water
258,olive oil
259,salt
259,tomato juice
259,fresh bread
260,spaghetti
260,mushroom cream sauce
261,spaghetti
261,mineral water
261,eggs
261,pet food
262,frozen vegetables
262,spaghetti
263,energy drink
264,muffins
265,turkey
265,milk
266,cookies
267,chocolate
268,spaghetti
268,mineral water
268,eggs
268,cooking oil
268,chocolate
269,shrimp
269,frozen vegetables
269,pepper
269,spaghetti
269,green tea
270,burgers
270,fresh tuna
270,red wine
270,mineral water
270,french fries
271,pancakes
271,eggs
271,energy drink
271,fresh bread
272,strong cheese
272,salmon
272,green tea
272,french fries
272,frozen smoothie
273,grated cheese
273,shrimp
273,pasta
273,tomatoes
273,milk
274,herb & pepper
274,whole wheat pasta
274,olive oil
274,pancakes
274,eggs
275,spaghetti
275,antioxydant juice
276,chocolate
276,milk
276,almonds
276,eggs
276,strawberries
277,french fries
277,strawberries
278,mineral water
279,eggs
280,escalope
281,cake
282,whole wheat pasta
282,antioxydant juice
282,body spray
282,green tea
283,mineral water
283,oil
283,frozen smoothie
284,french fries
284,champagne
285,chocolate
285,french fries
286,frozen vegetables
286,spaghetti
286,eggs
287,hot dogs
288,chocolate
288,cookies
289,pancakes
290,shrimp
290,butter
290,chicken
290,salmon
291,chocolate
291,cookies
291,babies food
292,pepper
292,spaghetti
292,cake
292,chocolate
292,french fries
293,avocado
293,oil
293,cereals
293,french fries
294,herb & pepper
294,spaghetti
294,mineral water
294,spinach
294,eggs
295,herb & pepper
295,frozen vegetables
295,ground beef
295,pepper
295,spaghetti
296,french fries
297,green tea
297,tomato juice
298,eggs
298,whole wheat rice
298,chocolate
299,grated cheese
299,herb & pepper
299,red wine
299,spaghetti
299,mineral water
300,french fries
300,cookies
300,shallot
300,tomato juice
300,fresh bread
301,burgers
301,fresh tuna
301,spaghetti
301,muffins
301,honey
302,herb & pepper
302,ground beef
302,spaghetti
302,eggs
302,chicken
303,grated cheese
303,muffins
303,tomato juice
303,mayonnaise
304,whole wheat pasta
304,yams
304,mineral water
304,muffins
304,frozen smoothie
305,burgers
305,spaghetti
305,soup
305,milk
305,olive oil
306,chocolate
306,champagne
306,magazines
307,frozen vegetables
307,spaghetti
307,yams
307,mineral water
307,french wine
308,tomato sauce
308,chocolate
309,milk
309,eggs
310,pet food
311,yogurt cake
312,green tea
313,escalope
313,pasta
314,herb & pepper
314,ground beef
315,mineral water
315,honey
315,brownies
316,turkey
316,eggs
316,cake
316,energy drink
317,turkey
317,burgers
317,dessert wine
317,ground beef
317,soup
318,spaghetti
318,mineral water
318,chicken
319,turkey
319,ground beef
319,carrots
319,french fries
319,melons
320,mineral water
320,eggs
320,low fat yogurt
321,turkey
321,cooking oil
321,shampoo
322,spaghetti
322,hot dogs
323,chocolate
323,green tea
324,grated cheese
324,pepper
324,mineral water
324,chocolate
324,eggs
325,chocolate
326,spaghetti
326,olive oil
326,strong cheese
326,pancakes
327,red wine
327,mineral water
327,soup
327,rice
327,cookies
328,red wine
328,shrimp
328,spaghetti
329,green tea
330,mineral water
330,chicken
330,french fries
330,frozen smoothie
331,muffins
332,cake
332,chocolate
333,fresh tuna
333,tomatoes
333,mineral water
333,soup
333,avocado
334,turkey
334,french fries
335,burgers
335,turkey
335,herb & pepper
335,ground beef
335,pancakes
336,escalope
337,chocolate
337,escalope
337,fresh bread
338,ham
338,spaghetti
338,french wine
338,vegetables mix
338,chocolate
339,avocado
339,light mayo
340,spaghetti
340,yams
340,butter
340,chocolate
341,energy bar
341,eggs
341,french fries
342,fresh tuna
342,barbecue sauce
342,eggplant
343,energy drink
344,whole wheat rice
344,french fries
344,hot dogs
344,green tea
345,mineral water
345,chicken
345,green tea
346,eggs
346,cake
346,mushroom cream sauce
347,escalope
348,antioxydant juice
348,escalope
349,shrimp
349,spaghetti
349,french fries
350,grated cheese
350,spaghetti
350,salmon
350,tomato juice
351,spaghetti
351,green tea
352,champagne
352,protein bar
353,mineral water
353,avocado
353,chocolate
354,tomatoes
354,champagne
354,green tea
355,chicken
355,french fries
355,escalope
356,frozen vegetables
356,tomatoes
356,eggs
356,green tea
356,frozen smoothie
357,ground beef
357,chicken
357,cider
357,green grapes
357,honey
358,french fries
358,champagne
359,mineral water
359,soup
360,frozen vegetables
360,spaghetti
360,milk
360,chocolate
360,babies food
361,honey
361,whole wheat rice
362,whole wheat rice
362,chicken
362,tomato juice
363,pancakes
364,green tea
364,protein bar
364,tomato juice
364,candy bars
365,french fries
366,mineral water
367,escalope
368,grated cheese
368,herb & pepper
368,whole wheat pasta
368,yams
368,mineral water
369,spaghetti
369,milk
370,milk
370,chocolate
370,white wine
371,sandwich
372,chocolate
372,light mayo
373,shrimp
373,whole wheat pasta
373,spaghetti
373,meatballs
373,chicken
374,red wine
374,ground beef
374,spaghetti
374,mineral water
374,eggs
375,yams
375,melons
376,spaghetti
376,cooking oil
377,french fries
378,mineral water
378,milk
378,spinach
378,cooking oil
378,chocolate
379,tomato sauce
379,milk
380,shrimp
380,cider
380,eggs
380,french fries
381,champagne
382,salad
383,french fries
384,frozen vegetables
384,mineral water
384,energy bar
384,honey
384,rice
385,french fries
385,salad
386,honey
386,chocolate
386,french fries
386,brownies
387,green tea
387,strawberries
387,gluten free bar
388,frozen vegetables
388,ground beef
388,mineral water
388,salmon
388,honey
389,grated cheese
389,tomatoes
389,mineral water
389,meatballs
390,shrimp
390,chocolate
390,water spray
391,turkey
392,turkey
392,eggs
393,turkey
393,frozen vegetables
393,tomatoes
393,soup
393,butter
394,spaghetti
395,milk
395,frozen smoothie
395,low fat yogurt
396,burgers
396,mineral water
396,milk
396,whole wheat rice
396,cereals
397,mineral water
398,tomatoes
398,mineral water
398,soup
398,cake
398,chocolate
399,mineral water
400,ground beef
400,spaghetti
401,pepper
401,frozen smoothie
402,yogurt cake
403,red wine
403,pancakes
404,candy bars
405,eggs
405,french fries
405,low fat yogurt
406,cookies
407,cookies
408,spaghetti
408,soup
408,vegetables mix
408,spinach
408,french fries
409,cookies
410,soup
410,olive oil
410,eggs
410,soda
410,corn
411,chocolate
411,frozen smoothie
411,low fat yogurt
412,spaghetti
412,mineral water
412,milk
412,pancakes
412,chocolate
413,mineral water
414,herb & pepper
414,frozen vegetables
414,tomato sauce
414,mineral water
414,soup
415,burgers
415,eggs
416,french fries
417,frozen smoothie
417,cottage cheese
418,tomatoes
418,mineral water
418,chocolate
418,light mayo
419,salmon
419,escalope
419,shallot
419,strawberries
419,fresh bread
420,energy bar
421,red wine
421,ground beef
421,spaghetti
421,pancakes
421,blueberries
422,ground beef
422,spaghetti
422,mineral water
422,milk
422,frozen smoothie
423,cookies
424,salmon
424,escalope
425,cookies
426,low fat yogurt
427,eggs
428,red wine
428,butter
428,hot dogs
429,tomatoes
429,mineral water
429,soup
429,mashed potato
430,cookies
431,parmesan cheese
431,ground beef
431,salmon
431,pancakes
431,champagne
432,ground beef
432,yams
432,chocolate
432,olive oil
432,eggs
433,shrimp
433,salmon
433,eggs
433,cookies
433,hot dogs
434,magazines
434,mint
435,turkey
435,mineral water
435,eggs
435,cooking oil
435,extra dark chocolate
436,mineral water
436,mushroom cream sauce
437,grated cheese
437,frozen vegetables
437,mineral water
437,soup
437,milk
438,chocolate
438,cake
439,burgers
439,salt
439,white wine
440,energy drink
441,olive oil
441,cake
441,energy drink
442,ground beef
442,whole wheat rice
443,eggs
443,french fries
444,spaghetti
444,escalope
444,mushroom cream sauce
445,mineral water
445,fromage blanc
445,whole wheat rice
445,cake
445,french fries
446,turkey
446,burgers
446,frozen vegetables
446,ground beef
446,mineral water
447,green tea
447,cottage cheese
448,fresh tuna
448,eggs
448,champagne
449,cookies
450,cookies
451,cookies
452,tomatoes
452,mineral water
452,eggplant
453,grated cheese
453,tomatoes
453,spaghetti
453,mineral water
453,soup
454,protein bar
455,herb & pepper
455,red wine
455,shrimp
455,mineral water
455,barbecue sauce
456,burgers
456,ham
456,spaghetti
456,mineral water
456,milk
457,french fries
458,frozen vegetables
458,soup
458,milk
458,eggs
458,whole wheat rice
459,spaghetti
460,herb & pepper
460,shrimp
460,soup
460,eggs
460,oil
461,ham
461,grated cheese
461,herb & pepper
461,shrimp
461,ground beef
462,ham
462,red wine
462,ground beef
462,yams
462,mineral water
463,chocolate
463,french fries
463,mushroom cream sauce
463,cottage cheese
463,low fat yogurt
464,eggs
465,cake
465,cookies
466,grated cheese
466,mineral water
466,cake
466,chocolate bread
467,tomatoes
467,almonds
467,cake
467,champagne
467,low fat yogurt
468,herb & pepper
468,shrimp
468,frozen vegetables
468,milk
468,butter
469,herb & pepper
469,shrimp
469,whole wheat pasta
469,whole wheat rice
469,chicken
470,eggs
470,corn
471,shrimp
471,frozen vegetables
471,tomato sauce
471,mineral water
471,chocolate
472,ham
472,herb & pepper
472,tomato sauce
472,mineral water
472,green grapes
473,energy bar
473,cake
473,chocolate
474,herb & pepper
474,shrimp
474,spaghetti
474,eggs
475,fresh tuna
475,mineral water
475,honey
475,cooking oil
476,red wine
476,mineral water
476,oil
476,ketchup
476,chili
477,herb & pepper
477,shrimp
477,mineral water
477,pancakes
477,eggs
478,ground beef
478,mineral water
478,protein bar
479,shrimp
479,frozen vegetables
479,parmesan cheese
479,spaghetti
479,salmon
480,milk
480,chocolate
481,frozen vegetables
481,ground beef
481,spaghetti
481,olive oil
481,whole wheat rice
482,turkey
482,ground beef
482,low fat yogurt
483,herb & pepper
483,spaghetti
483,mineral water
483,whole wheat rice
483,cake
484,green tea
485,cookies
486,eggs
486,cookies
487,spaghetti
487,eggs
487,ham
487,chocolate
487,french fries
488,red wine
488,spaghetti
488,milk
488,eggs
488,chocolate
489,turkey
489,burgers
489,pancakes
489,french fries
489,strawberries
490,escalope
491,frozen vegetables
491,pancakes
491,eggs
491,cake
492,french fries
493,turkey
493,ground beef
493,pepper
493,spaghetti
493,honey
494,chocolate
494,red wine
494,tomato sauce
494,olive oil
494,chili
495,green tea
495,french fries
496,mineral water
497,cooking oil
498,frozen vegetables
498,spaghetti
499,ham
499,spaghetti
500,chicken
500,chocolate
500,cookies
501,low fat yogurt
502,eggs
502,cake
502,low fat yogurt
503,shrimp
503,spaghetti
503,mineral water
503,soup
503,milk
504,mineral water
504,eggs
504,protein bar
505,turkey
505,shrimp
505,meatballs
505,butter
505,eggs
506,fresh tuna
506,spaghetti
506,chocolate
506,olive oil
506,chicken
507,turkey
507,shrimp
507,escalope
507,hot dogs
508,burgers
508,pepper
508,soup
508,milk
508,pancakes
509,pancakes
510,mineral water
510,pancakes
510,eggs
510,french fries
511,eggs
511,escalope
511,low fat yogurt
512,mineral water
512,french wine
512,gluten free bar
513,burgers
513,ground beef
513,spaghetti
513,eggs
513,french fries
514,soup
514,meatballs
514,milk
514,energy bar
515,chocolate
516,herb & pepper
517,turkey
517,red wine
517,mineral water
517,eggs
517,bramble
518,burgers
518,ham
518,frozen vegetables
518,tomatoes
518,cake
519,grated cheese
519,mineral water
519,olive oil
519,energy bar
520,milk
520,cake
520,green tea
521,mineral water
521,almonds
521,cooking oil
521,cereals
521,protein bar
522,turkey
522,fresh tuna
522,mineral water
522,milk
522,eggs
523,herb & pepper
523,mineral water
523,whole wheat rice
523,yogurt cake
523,low fat yogurt
524,tomatoes
524,spaghetti
524,meatballs
524,chicken
524,eggs
525,burgers
525,mineral water
525,eggs
525,green tea
525,pancakes
526,cake
526,green tea
527,chocolate
527,herb & pepper
527,yogurt cake
528,ground beef
528,spaghetti
528,mineral water
528,almonds
528,salmon
529,mineral water
529,vegetables mix
529,eggs
530,protein bar
531,eggs
531,eggplant
532,mayonnaise
533,milk
533,bug spray
533,oatmeal
533,sandwich
533,asparagus
534,frozen vegetables
534,soup
534,almonds
534,eggs
534,french fries
535,frozen vegetables
536,soup
536,butter
536,shampoo
537,herb & pepper
537,whole wheat pasta
537,pepper
537,eggs
538,mineral water
538,whole wheat rice
538,rice
538,cooking oil
538,chocolate
539,grated cheese
539,butter
539,chocolate
539,french fries
539,cookies
540,spaghetti
540,soup
540,milk
540,chutney
540,cooking oil
541,eggs
541,french fries
541,frozen smoothie
541,cookies
541,champagne
542,turkey
542,tomatoes
542,mineral water
542,eggs
542,blueberries
543,milk
543,tomato juice
543,low fat yogurt
543,green tea
544,mineral water
544,soup
544,almonds
544,cereals
544,green tea
545,chocolate
545,light mayo
546,turkey
546,herb & pepper
546,chocolate
547,eggs
547,french fries
547,green tea
548,mineral water
548,cake
548,chocolate
548,tomato juice
549,eggs
550,chocolate
550,pepper
550,spaghetti
550,mineral water
550,whole wheat rice
551,frozen vegetables
551,pepper
551,mineral water
551,chocolate
551,white wine
552,burgers
552,turkey
552,spaghetti
552,milk
552,whole wheat rice
553,burgers
553,spaghetti
553,mineral water
553,soup
553,french wine
554,butter
554,green grapes
554,frozen smoothie
554,low fat yogurt
555,eggs
555,low fat yogurt
556,cookies
557,milk
557,energy drink
558,olive oil
558,energy drink
559,eggs
559,cookies
560,eggs
561,energy bar
561,eggs
562,eggs
563,eggs
563,green tea
564,escalope
565,shrimp
565,soup
565,milk
565,almonds
565,eggs
566,chocolate
566,french fries
567,cake
568,pancakes
568,eggs
568,cake
568,green tea
568,toothpaste
569,herb & pepper
569,tomatoes
569,ground beef
569,eggs
569,cooking oil
570,cider
570,eggs
570,chocolate
570,low fat yogurt
571,frozen vegetables
571,cider
571,eggs
571,french fries
572,yams
572,cookies
572,toothpaste
573,mineral water
573,milk
573,escalope
573,champagne
573,hot dogs
574,ham
574,herb & pepper
574,spaghetti
574,mineral water
574,chocolate
575,pepper
575,mineral water
575,escalope
575,shallot
575,protein bar
576,turkey
576,parmesan cheese
576,spaghetti
576,meatballs
576,butter
577,herb & pepper
577,eggs
577,escalope
578,herb & pepper
579,burgers
579,escalope
579,shallot
580,chocolate
580,pepper
580,tomato sauce
580,tomato juice
581,cookies
582,burgers
582,ground beef
582,spaghetti
582,mineral water
582,escalope
583,frozen vegetables
583,mineral water
583,soup
583,milk
583,olive oil
584,turkey
584,eggs
584,french fries
584,asparagus
584,low fat yogurt
585,burgers
585,frozen vegetables
585,gums
586,herb & pepper
586,frozen vegetables
586,ground beef
586,milk
587,frozen vegetables
587,cake
587,light cream
587,mashed potato
588,milk
589,turkey
589,eggs
589,barbecue sauce
590,escalope
591,parmesan cheese
591,french fries
592,energy bar
592,eggs
593,soup
593,escalope
593,mint
594,muffins
594,chicken
594,zucchini
595,burgers
595,eggs
595,french fries
595,cookies
595,green tea
596,spaghetti
597,avocado
597,energy bar
597,chocolate
598,cookies
599,green tea
600,whole wheat pasta
600,spaghetti
600,mineral water
600,olive oil
601,grated cheese
601,frozen vegetables
601,eggs
601,gums
601,escalope
602,grated cheese
602,herb & pepper
602,mineral water
602,pancakes
602,chocolate
603,chocolate
603,spaghetti
603,yams
603,flax seed
603,salmon
604,burger sauce
604,oil
605,eggs
605,french fries
605,energy drink
606,mineral water
607,grated cheese
607,ground beef
607,mineral water
607,olive oil
608,eggs
608,low fat yogurt
609,parmesan cheese
609,spaghetti
609,soda
609,pet food
609,white wine
610,turkey
610,shrimp
610,olive oil
610,chicken
610,eggs
611,pickles
611,ground beef
611,yams
611,milk
611,strong cheese
612,pepper
612,spaghetti
612,light cream
613,frozen vegetables
613,mineral water
613,eggs
614,spaghetti
614,chicken
614,tea
614,pancakes
614,gluten free bar
615,fresh tuna
615,turkey
615,herb & pepper
615,spaghetti
615,mineral water
616,spaghetti
616,mineral water
616,cooking oil
616,escalope
617,soup
618,burgers
618,herb & pepper
618,spaghetti
619,cookies
619,shallot
619,strawberries
620,fresh tuna
620,chocolate
620,shrimp
620,whole wheat pasta
620,pepper
621,yams
621,mineral water
621,avocado
621,milk
621,butter
622,ham
622,eggs
622,french fries
622,energy drink
623,mineral water
623,avocado
624,cookies
625,chocolate
625,butter
625,eggs
625,green tea
625,cottage cheese
626,eggs
626,mushroom cream sauce
626,low fat yogurt
627,antioxydant juice
627,chocolate
628,ground beef
628,spaghetti
628,french fries
628,green tea
629,cake
630,turkey
630,red wine
630,mineral water
630,pancakes
630,eggs
631,chocolate
631,parmesan cheese
631,mineral water
631,olive oil
631,bacon
632,green grapes
632,gums
633,shrimp
633,frozen vegetables
633,parmesan cheese
633,milk
633,eggs
634,ground beef
634,mineral water
634,milk
634,eggs
635,escalope
636,turkey
636,cookies
637,ground beef
637,mineral water
637,chocolate
637,green tea
638,whole wheat pasta
638,spaghetti
638,olive oil
638,butter
638,chocolate
639,red wine
640,frozen vegetables
640,mineral water
640,eggs
640,gums
640,cooking oil
641,turkey
641,grated cheese
641,energy bar
641,vegetables mix
641,brownies
642,turkey
642,burgers
642,nonfat milk
642,cooking oil
642,energy drink
643,french fries
643,low fat yogurt
644,muffins
645,herb & pepper
645,mineral water
645,salmon
645,whole wheat rice
645,cake
646,mineral water
646,cake
646,chocolate
646,low fat yogurt
646,candy bars
647,grated cheese
647,mineral water
647,chocolate
647,soup
647,milk
648,mineral water
648,strawberries
649,escalope
650,grated cheese
650,parmesan cheese
650,butter
650,whole wheat rice
650,cooking oil
651,ground beef
651,mint
652,cookies
653,ground beef
653,avocado
653,milk
653,chicken
653,rice
654,frozen vegetables
654,soup
654,eggs
654,low fat yogurt
655,herb & pepper
655,ground beef
655,spaghetti
655,mineral water
655,chocolate
656,shrimp
656,parmesan cheese
656,mineral water
656,eggs
656,cake
657,ham
657,herb & pepper
657,frozen vegetables
657,tomatoes
657,spaghetti
658,chicken
658,cider
658,eggs
659,shrimp
659,tomato sauce
659,mineral water
659,chocolate
659,escalope
660,energy drink
661,ham
661,spaghetti
661,mineral water
661,energy bar
661,eggs
662,shrimp
662,frozen vegetables
662,tomatoes
663,turkey
663,herb & pepper
663,frozen vegetables
663,ground beef
663,yams
664,shrimp
664,mineral water
665,turkey
665,ground beef
665,spaghetti
665,soup
665,escalope
666,shrimp
666,pepper
666,mineral water
666,soup
666,milk
667,burgers
667,pancakes
668,low fat yogurt
669,mineral water
669,milk
670,milk
671,chocolate
672,whole wheat pasta
672,mineral water
672,olive oil
672,pancakes
673,yams
673,mineral water
673,eggs
673,cake
674,turkey
674,french fries
675,shrimp
675,spaghetti
675,yams
675,mineral water
675,chocolate
676,mineral water
676,milk
676,salmon
676,green tea
676,cookies
677,spaghetti
677,olive oil
678,herb & pepper
678,spaghetti
679,spaghetti
679,mineral water
679,soup
679,salmon
679,pancakes
680,frozen vegetables
680,whole wheat pasta
680,ground beef
680,mineral water
680,chocolate
681,green tea
682,burgers
682,grated cheese
682,spaghetti
682,nonfat milk
682,eggs
683,ham
683,ground beef
683,olive oil
683,energy bar
683,chicken
684,whole wheat pasta
684,mineral water
684,olive oil
684,cooking oil
684,frozen smoothie
685,vegetables mix
685,champagne
686,olive oil
687,herb & pepper
687,ground beef
687,escalope
687,pancakes
687,green tea
688,herb & pepper
688,frozen vegetables
688,ground beef
688,tomato sauce
688,spaghetti
689,yams
689,carrots
690,chicken
691,turkey
691,burgers
691,herb & pepper
691,ground beef
691,yams
692,whole wheat pasta
692,salmon
692,antioxydant juice
692,mint green tea
693,chocolate
693,french fries
693,strawberries
693,fresh bread
694,burgers
694,chocolate
694,shrimp
694,whole wheat pasta
694,ground beef
695,mineral water
695,butter
695,pancakes
695,french fries
695,frozen smoothie
696,muffins
696,eggs
697,turkey
697,shrimp
697,frozen vegetables
697,eggs
698,burgers
698,eggs
698,yogurt cake
699,burgers
699,fresh tuna
699,shrimp
699,frozen vegetables
699,whole wheat pasta
700,herb & pepper
700,ground beef
700,mineral water
700,chicken
701,frozen smoothie
702,chicken
702,tomato juice
703,whole wheat pasta
703,olive oil
704,milk
704,energy bar
704,green tea
705,grated cheese
705,herb & pepper
706,escalope
706,green tea
707,soup
707,meatballs
707,milk
707,almonds
707,green tea
708,herb & pepper
708,pet food
708,cookies
709,grated cheese
709,whole wheat pasta
709,olive oil
709,energy bar
709,light cream
710,honey
711,parmesan cheese
711,mineral water
711,fromage blanc
711,eggs
711,honey
712,bramble
712,zucchini
713,ground beef
713,pepper
713,milk
713,eggs
713,green tea
714,chocolate
714,red wine
714,butter
714,french fries
714,cookies
715,chocolate
715,spaghetti
715,bug spray
716,cookies
717,spaghetti
717,mineral water
717,vegetables mix
717,eggs
717,whole wheat rice
718,chocolate
718,grated cheese
718,mineral water
718,salmon
718,whole wheat rice
719,spaghetti
719,champagne
720,frozen vegetables
720,mineral water
721,mineral water
721,body spray
721,low fat yogurt
722,herb & pepper
722,red wine
722,whole wheat pasta
722,cake
722,tomato juice
723,burgers
723,parmesan cheese
723,eggs
723,french fries
723,hot dogs
724,mineral water
724,eggs
724,pancakes
725,eggs
725,french fries
726,shrimp
726,frozen vegetables
726,tomatoes
726,spaghetti
727,mineral water
727,almonds
727,pancakes
727,chocolate
727,french fries
728,cake
728,french fries
728,escalope
729,frozen vegetables
729,spaghetti
729,mineral water
729,milk
729,black tea
730,almonds
730,cake
730,low fat yogurt
731,french fries
732,hot dogs
733,mineral water
733,soup
733,chicken
733,light cream
733,green tea
734,ground beef
734,olive oil
735,french fries
735,cookies
735,green tea
736,soup
736,blueberries
736,cooking oil
736,chocolate
736,cookies
737,chocolate
737,french fries
737,frozen smoothie
737,escalope
737,fresh bread
738,yams
738,mint
739,frozen vegetables
739,ground beef
739,salmon
739,muffins
739,chocolate
740,fresh tuna
740,herb & pepper
740,parmesan cheese
740,milk
740,olive oil
741,grated cheese
741,shrimp
741,butter
741,whole wheat rice
741,french fries
742,energy bar
742,eggs
742,french fries
742,champagne
742,body spray
743,burgers
743,eggs
743,french fries
744,burgers
744,shrimp
744,mineral water
744,milk
744,eggs
745,ground beef
745,mineral water
745,chocolate
745,milk
745,chicken
746,mineral water
746,chicken
747,turkey
747,ground beef
747,spaghetti
747,milk
747,eggs
748,french fries
748,green tea
749,french fries
749,escalope
750,turkey
750,sparkling water
751,whole wheat pasta
751,mineral water
751,olive oil
751,carrots
751,protein bar
752,cookies
753,turkey
753,grated cheese
753,honey
753,green beans
753,french fries
754,turkey
754,red wine
754,mineral water
754,chocolate
754,soup
755,turkey
755,eggs
756,low fat yogurt
757,nonfat milk
757,low fat yogurt
758,frozen vegetables
758,low fat yogurt
759,herb & pepper
759,parmesan cheese
759,whole wheat pasta
759,mineral water
759,milk
760,yogurt cake
760,mint
761,sandwich
761,salt
762,shrimp
762,fresh bread
762,green tea
763,pepper
763,tomato sauce
763,escalope
764,mineral water
764,cake
764,protein bar
764,toothpaste
765,candy bars
766,red wine
767,spaghetti
767,mineral water
767,honey
767,strawberries
768,mineral water
768,eggs
768,green tea
769,grated cheese
769,frozen vegetables
769,parmesan cheese
769,french wine
769,french fries
770,frozen vegetables
770,parmesan cheese
770,whole wheat pasta
770,spaghetti
770,mineral water
771,chocolate
771,grated cheese
771,shrimp
771,spaghetti
771,olive oil
772,spaghetti
772,strawberries
773,burgers
773,chocolate
773,mushroom cream sauce
774,mineral water
774,olive oil
774,extra dark chocolate
775,eggs
775,green tea
776,tomato juice
777,muffins
777,low fat yogurt
778,soup
778,olive oil
778,pancakes
778,light cream
778,champagne
779,mineral water
779,vegetables mix
779,low fat yogurt
780,pepper
780,mineral water
780,avocado
780,pancakes
780,eggs
781,pickles
781,burgers
781,almonds
781,honey
781,frozen smoothie
782,bug spray
782,clothes accessories
782,cottage cheese
783,frozen vegetables
783,ground beef
783,spaghetti
783,pancakes
783,honey
784,spaghetti
784,mineral water
784,milk
785,pancakes
786,muffins
787,frozen vegetables
787,oil
787,cereals
788,turkey
788,shrimp
788,mineral water
788,milk
788,almonds
789,chocolate
789,rice
789,eggplant
789,hand protein bar
789,zucchini
790,spaghetti
790,meatballs
790,nonfat milk
790,hot dogs
791,frozen vegetables
791,cake
791,cookies
791,pancakes
792,butter
792,bug spray
792,french fries
792,yogurt cake
792,green tea
793,herb & pepper
794,soup
794,milk
794,cider
794,chicken
794,green beans
795,shrimp
795,spaghetti
795,mineral water
795,avocado
795,milk
796,milk
796,whole wheat rice
796,escalope
796,champagne
797,escalope
797,pasta
797,mushroom cream sauce
798,parmesan cheese
799,grated cheese
799,spaghetti
799,french fries
800,burgers
800,shrimp
800,whole wheat pasta
800,spaghetti
800,mineral water
801,turkey
801,chocolate
801,grated cheese
801,frozen vegetables
801,ground beef
802,turkey
802,pepper
802,chocolate
802,fromage blanc
802,eggs
803,tomatoes
803,ground beef
803,avocado
803,milk
803,pancakes
804,turkey
804,mineral water
804,green tea
804,protein bar
805,mineral water
805,low fat yogurt
806,pancakes
806,tomato juice
806,candy bars
807,yams
807,avocado
807,bacon
807,oil
807,french fries
808,shrimp
808,spaghetti
808,mineral water
808,soup
808,milk
809,chicken
809,cooking oil
809,tea
810,burgers
810,soup
810,vegetables mix
810,pancakes
810,body spray
811,shrimp
811,pepper
812,spaghetti
812,olive oil
812,blueberries
813,muffins
814,grated cheese
814,herb & pepper
814,muffins
814,eggs
814,low fat yogurt
815,grated cheese
815,frozen vegetables
815,spaghetti
815,milk
815,gums
816,pepper
816,pancakes
816,french fries
816,tomato juice
817,frozen vegetables
817,tomatoes
817,parmesan cheese
817,ground beef
817,tomato sauce
818,olive oil
818,chicken
818,chocolate
818,cookies
818,green tea
819,whole wheat pasta
819,ground beef
819,spaghetti
819,chocolate
819,french wine
820,eggs
820,cottage cheese
821,muffins
821,cottage cheese
822,green tea
822,frozen smoothie
822,white wine
823,mineral water
823,chocolate
823,rice
823,champagne
824,mineral water
825,shrimp
825,whole wheat pasta
825,meatballs
825,milk
826,herb & pepper
826,parmesan cheese
826,ground beef
826,pepper
826,spaghetti
827,grated cheese
827,shrimp
827,parmesan cheese
827,ground beef
827,mineral water
828,mineral water
828,rice
829,pancakes
830,mineral water
830,honey
831,burgers
831,ground beef
831,pancakes
831,salt
832,parmesan cheese
832,soda
832,french fries
832,brownies
833,whole wheat rice
834,ground beef
834,spaghetti
834,chicken
834,rice
834,oil
835,butter
835,chocolate
836,pepper
837,herb & pepper
837,chocolate
837,champagne
837,yogurt cake
837,green tea
838,grated cheese
838,mineral water
838,eggs
838,escalope
839,cookies
839,yogurt cake
839,light mayo
839,green tea
840,milk
840,cooking oil
841,milk
841,olive oil
841,light cream
841,cooking oil
841,chicken
842,tomatoes
842,soup
842,avocado
842,milk
842,yogurt cake
843,ham
843,chocolate
843,ground beef
843,mineral water
843,oil
844,green tea
844,champagne
844,escalope
845,chocolate
846,escalope
846,pasta
847,burgers
847,mineral water
847,olive oil
847,rice
847,antioxydant juice
848,green tea
849,grated cheese
849,tomato sauce
849,spaghetti
849,milk
849,pancakes
850,turkey
850,spaghetti
850,strong cheese
850,strawberries
851,muffins
852,ground beef
852,spaghetti
852,cider
852,cooking oil
852,cookies
853,burgers
853,frozen vegetables
853,parmesan cheese
853,spaghetti
853,fromage blanc
854,ground beef
855,green beans
856,frozen vegetables
856,mineral water
856,honey
856,whole wheat rice
856,champagne
857,parmesan cheese
857,milk
857,butter
857,black tea
857,eggs
858,mineral water
858,cake
859,turkey
859,mineral water
859,milk
859,pancakes
859,whole wheat rice
860,avocado
860,chocolate
860,french fries
861,green tea
862,chocolate
862,eggs
862,bug spray
863,grated cheese
863,muffins
863,french fries
863,body spray
864,mineral water
864,eggs
864,blueberries
864,soda
864,escalope
865,whole wheat rice
866,nonfat milk
866,cookies
866,mushroom cream sauce
867,french fries
867,champagne
868,mineral water
868,salmon
869,olive oil
870,turkey
870,tomatoes
870,ground beef
870,soup
870,milk
871,parmesan cheese
871,spaghetti
871,mineral water
871,chocolate
871,napkins
872,burgers
872,parmesan cheese
872,chocolate
872,soup
872,milk
873,shrimp
873,honey
873,pasta
873,energy drink
873,green tea
874,fresh tuna
874,chocolate
874,milk
874,french wine
874,muffins
875,strawberries
876,herb & pepper
877,herb & pepper
877,frozen vegetables
877,tomatoes
877,parmesan cheese
877,ground beef
878,spaghetti
878,mineral water
878,milk
878,strong cheese
878,cereals
879,turkey
879,burgers
879,fresh tuna
879,spaghetti
879,pancakes
880,eggplant
881,burgers
881,spaghetti
881,mineral water
881,almonds
881,honey
882,chocolate
882,french fries
882,frozen smoothie
882,cottage cheese
882,strawberries
883,strong cheese
884,chocolate
884,french fries
885,chocolate
885,french fries
885,strawberries
886,turkey
886,frozen vegetables
886,avocado
886,cake
886,light cream
887,olive oil
887,energy bar
887,shallot
888,turkey
888,shrimp
889,chocolate
889,spaghetti
889,champagne
889,yogurt cake
890,shrimp
890,mineral water
890,chocolate
890,avocado
890,butter
891,muffins
891,green tea
891,brownies
892,yogurt cake
893,turkey
893,tomato sauce
893,milk
893,butter
893,bacon
894,grated cheese
895,butter
895,burger sauce
895,brownies
895,pancakes
896,butter
896,pancakes
896,whole wheat rice
896,green tea
896,french fries
897,shrimp
897,chocolate
897,butter
897,cooking oil
897,escalope
898,burgers
898,red wine
898,frozen vegetables
898,pepper
898,spaghetti
899,turkey
899,ground beef
899,spaghetti
899,pancakes
899,eggs
900,shrimp
900,milk
900,butter
900,chicken
900,salt
901,fresh tuna
901,mineral water
901,fromage blanc
901,honey
901,gums
902,chocolate
902,cookies
903,sparkling water
903,light mayo
904,frozen vegetables
904,tomatoes
904,spaghetti
904,chicken
904,french fries
905,turkey
905,burgers
905,butter
905,vegetables mix
905,green grapes
906,red wine
906,shrimp
906,yams
906,eggs
906,burger sauce
907,french fries
907,light mayo
908,burgers
908,ground beef
908,eggs
908,chocolate
908,champagne
909,mushroom cream sauce
910,butter
910,mint green tea
911,whole wheat rice
912,gums
913,mineral water
913,french fries
913,champagne
913,green tea
914,cereals
914,salt
914,green tea
915,shrimp
915,spaghetti
915,chocolate
915,french fries
915,escalope
916,ham
916,spaghetti
916,yams
916,chicken
916,cooking oil
917,eggs
918,ground beef
918,olive oil
918,bug spray
918,frozen smoothie
918,hot dogs
919,frozen vegetables
919,spaghetti
919,mineral water
919,soup
919,olive oil
920,whole wheat rice
920,oil
920,chicken
920,french fries
920,escalope
921,green tea
922,parmesan cheese
922,whole wheat rice
922,escalope
922,champagne
923,fresh tuna
923,frozen vegetables
923,chicken
923,fromage blanc
923,honey
924,ground beef
925,muffins
925,champagne
925,cookies
925,fresh bread
925,green tea
926,frozen vegetables
926,spaghetti
926,chocolate
926,escalope
926,fresh bread
927,pickles
927,spaghetti
927,french fries
927,frozen smoothie
928,avocado
929,sandwich
930,spaghetti
930,milk
930,oil
930,shampoo
931,champagne
932,spaghetti
933,champagne
934,avocado
934,milk
934,butter
934,french fries
934,cookies
935,turkey
935,frozen vegetables
935,chicken
935,eggs
935,frozen smoothie
936,burgers
936,shrimp
936,tomatoes
936,milk
936,energy bar
937,burgers
937,milk
937,cake
937,cooking oil
937,french fries
938,tomatoes
938,spaghetti
938,chocolate
938,milk
938,olive oil
939,fresh tuna
939,red wine
939,pepper
939,spaghetti
939,fromage blanc
940,milk
940,low fat yogurt
941,shrimp
941,parmesan cheese
941,soup
941,chocolate
941,brownies
942,spaghetti
942,chicken
943,grated cheese
943,vegetables mix
943,nonfat milk
943,green tea
944,fresh tuna
944,parmesan cheese
944,cider
944,muffins
944,spinach
945,cake
946,shrimp
946,chocolate
946,mushroom cream sauce
946,candy bars
947,candy bars
948,avocado
948,honey
949,shrimp
949,frozen vegetables
949,tomatoes
949,cottage cheese
950,french fries
951,strawberries
952,ground beef
952,almonds
952,french fries
952,escalope
953,grated cheese
953,spaghetti
954,turkey
954,mineral water
954,butter
954,frozen smoothie
955,frozen vegetables
955,spaghetti
955,french fries
955,light mayo
955,green tea
956,burgers
956,ham
956,spaghetti
956,whole wheat rice
956,eggplant
957,grated cheese
957,frozen vegetables
957,spaghetti
957,avocado
957,milk
958,burgers
958,shrimp
958,tomatoes
958,bacon
958,whole wheat rice
959,parmesan cheese
959,pancakes
960,parmesan cheese
960,cake
960,hot dogs
960,green tea
961,spaghetti
961,milk
961,fromage blanc
961,ketchup
961,chocolate
962,mint
963,chocolate
963,mint
964,butter
964,french fries
964,salt
964,fresh bread
965,chocolate
965,french fries
965,strawberries
965,yogurt cake
965,light mayo
966,eggs
966,eggplant
966,cookies
967,yogurt cake
968,herb & pepper
968,spaghetti
968,meatballs
968,milk
968,olive oil
969,frozen vegetables
969,rice
969,chocolate
970,herb & pepper
970,ground beef
970,spaghetti
970,chocolate
970,milk
971,eggs
971,champagne
972,whole wheat pasta
972,ground beef
972,olive oil
972,blueberries
972,escalope
973,burgers
973,red wine
973,mineral water
973,eggs
973,oil
974,chocolate
974,grated cheese
974,herb & pepper
974,mineral water
974,soup
975,burgers
975,shrimp
975,mineral water
975,chicken
975,fromage blanc
976,green tea
977,cookies
978,french fries
978,cookies
979,milk
979,butter
979,eggs
980,eggs
980,mushroom cream sauce
980,low fat yogurt
981,eggs
981,green tea
982,mineral water
982,whole wheat rice
983,shrimp
983,frozen vegetables
983,parmesan cheese
983,mineral water
983,whole wheat rice
984,whole wheat rice
984,pancakes
985,frozen vegetables
985,spaghetti
985,olive oil
985,butter
985,salmon
986,green tea
987,fresh tuna
987,eggs
987,escalope
987,strawberries
988,spaghetti
988,soup
988,milk
988,carrots
988,chocolate
989,burgers
989,mineral water
989,soup
989,meatballs
989,olive oil
990,grated cheese
990,mineral water
990,cooking oil
990,french fries
990,cookies
991,shrimp
991,milk
991,olive oil
991,french fries
992,frozen vegetables
992,mineral water
992,pancakes
992,cake
992,tomato juice
993,spaghetti
993,milk
993,chicken
994,grated cheese
994,mineral water
994,chicken
994,french fries
994,cottage cheese
995,ground beef
995,mineral water
995,milk
995,eggs
995,mint
996,shrimp
996,body spray
996,green tea
997,frozen smoothie
998,herb & pepper
998,frozen vegetables
998,mineral water
998,muffins
998,cereals
999,turkey
999,tomatoes
999,spaghetti
999,milk
999,cider
1000,herb & pepper
1000,red wine
1000,spaghetti
1000,eggs
1000,whole wheat rice
1001,green tea
1002,grated cheese
1002,ground beef
1002,spaghetti
1002,chicken
1002,extra dark chocolate
1003,flax seed
1003,chocolate
1003,champagne
1003,escalope
1004,chocolate
1004,escalope
1004,mushroom cream sauce
1004,low fat yogurt
1005,burgers
1005,ham
1005,chocolate
1005,pancakes
1005,cereals
1006,escalope
1006,mint
1007,chocolate
1007,grated cheese
1007,parmesan cheese
1007,spaghetti
1007,pancakes
1008,pickles
1008,spaghetti
1008,mineral water
1008,olive oil
1008,cooking oil
1009,ground beef
1009,mineral water
1009,milk
1009,spinach
1010,pancakes
1010,melons
1010,green tea
1011,pancakes
1011,energy drink
1011,melons
1011,green tea
1012,chocolate
1012,french fries
1013,magazines
1014,spaghetti
1014,eggs
1014,chocolate
1014,frozen smoothie
1014,cookies
1015,mineral water
1016,burgers
1016,ham
1016,grated cheese
1016,mineral water
1016,chocolate
1017,burgers
1017,bacon
1017,eggs
1017,cookies
1017,green tea
1018,frozen vegetables
1018,almonds
1018,pancakes
1018,soda
1019,turkey
1019,herb & pepper
1019,frozen vegetables
1019,tomatoes
1019,chocolate
1020,spinach
1020,mint
1021,turkey
1021,burgers
1021,yams
1021,french fries
1022,turkey
1022,spaghetti
1022,soda
1023,chocolate
1023,frozen vegetables
1023,tomatoes
1023,ground beef
1023,tomato sauce
1024,frozen vegetables
1024,tomatoes
1024,spaghetti
1024,mineral water
1024,fresh bread
1025,escalope
1026,shrimp
1026,parmesan cheese
1026,eggs
1026,cake
1026,green tea
1027,chocolate
1027,whole wheat pasta
1027,bacon
1027,salmon
1027,hot dogs
1028,grated cheese
1029,eggs
1030,chocolate
1031,burgers
1031,frozen vegetables
1031,mineral water
1031,milk
1031,fromage blanc
1032,spinach
1032,chocolate
1032,french fries
1033,frozen vegetables
1033,avocado
1033,whole weat flour
1033,frozen smoothie
1034,escalope
1035,escalope
1036,eggs
1036,whole wheat rice
1037,shrimp
1037,frozen vegetables
1037,mineral water
1037,green tea
1038,milk
1038,hand protein bar
1039,french fries
1039,hand protein bar
1040,cookies
1041,burgers
1041,spaghetti
1041,mineral water
1042,grated cheese
1042,ground beef
1042,mineral water
1042,soup
1042,olive oil
1043,pet food
1044,turkey
1044,burgers
1044,frozen vegetables
1044,mineral water
1044,milk
1045,oil
1045,shampoo
1045,low fat yogurt
1046,chocolate
1046,red wine
1046,spaghetti
1046,eggs
1046,green tea
1047,herb & pepper
1047,pancakes
1047,eggs
1047,light cream
1047,light mayo
1048,avocado
1048,butter
1048,chocolate
1048,french fries
1048,cookies
1049,grated cheese
1049,shrimp
1049,spaghetti
1049,pancakes
1049,cooking oil
1050,soup
1050,olive oil
1050,light cream
1050,extra dark chocolate
1050,low fat yogurt
1051,chocolate
1051,mushroom cream sauce
1052,olive oil
1053,olive oil
1053,energy bar
1053,frozen smoothie
1053,pancakes
1054,pancakes
1055,mineral water
1055,salmon
1055,yogurt cake
1056,grated cheese
1056,herb & pepper
1056,mineral water
1056,soup
1056,eggs
1057,eggs
1057,brownies
1058,shrimp
1058,spaghetti
1058,mineral water
1058,milk
1058,french wine
1059,shrimp
1059,milk
1059,whole wheat rice
1059,rice
1060,french fries
1060,pancakes
1060,yogurt cake
1060,low fat yogurt
1060,green tea
1061,chicken
1061,eggs
1062,french fries
1063,nonfat milk
1064,burgers
1064,ham
1064,chocolate
1064,ground beef
1064,spaghetti
1065,herb & pepper
1065,whole wheat pasta
1065,spaghetti
1065,honey
1065,green tea
1066,fresh tuna
1066,mineral water
1066,french wine
1066,vegetables mix
1066,eggs
1067,tomato sauce
1067,spaghetti
1067,mineral water
1067,chocolate
1067,honey
1068,parmesan cheese
1068,ground beef
1069,frozen vegetables
1069,tomatoes
1069,mineral water
1069,strawberries
1069,pancakes
1070,turkey
1070,ham
1070,frozen vegetables
1070,whole wheat pasta
1070,spaghetti
1071,pepper
1071,spaghetti
1071,eggs
1071,bug spray
1071,pancakes
1072,shrimp
1072,spaghetti
1072,black tea
1072,eggs
1072,cake
1073,red wine
1073,cake
1073,french fries
1073,cookies
1073,protein bar
1074,burgers
1074,grated cheese
1075,ground beef
1075,spaghetti
1075,milk
1076,oil
1076,salt
1076,low fat yogurt
1077,cookies
1078,low fat yogurt
1079,tomatoes
1079,ground beef
1079,spaghetti
1079,mineral water
1079,strawberries
1080,green tea
1081,mushroom cream sauce
1081,yogurt cake
1082,pepper
1082,burger sauce
1082,antioxydant juice
1082,energy drink
1083,turkey
1083,whole wheat pasta
1083,spaghetti
1083,mineral water
1083,black tea
1084,ham
1084,herb & pepper
1084,frozen vegetables
1084,tomatoes
1084,whole wheat pasta
1085,mineral water
1085,eggplant
1085,french fries
1085,escalope
1085,tomato juice
1086,avocado
1086,white wine
1087,red wine
1087,extra dark chocolate
1087,whole weat flour
1088,strawberries
1088,fresh bread
1088,white wine
1089,chocolate
1089,frozen smoothie
1089,escalope
1090,energy bar
1090,cake
1090,cottage cheese
1090,gluten free bar
1091,mineral water
1091,milk
1091,vegetables mix
1091,chicken
1091,green tea
1092,shrimp
1092,tomatoes
1092,parmesan cheese
1092,spaghetti
1092,avocado
1093,frozen vegetables
1093,mineral water
1093,french wine
1093,eggs
1093,cereals
1094,cereals
1094,french fries
1095,mineral water
1095,energy bar
1095,cake
1095,french fries
1096,french fries
1096,frozen smoothie
1097,burgers
1097,milk
1097,hot dogs
1098,ground beef
1098,mineral water
1098,chocolate
1098,milk
1098,olive oil
1099,whole wheat pasta
1099,spaghetti
1099,meatballs
1099,milk
1099,french fries
1100,spaghetti
1101,burgers
1101,tomatoes
1101,ground beef
1101,escalope
1102,energy bar
1102,chocolate
1102,champagne
1103,chocolate
1103,ground beef
1103,blueberries
1103,burger sauce
1103,green tea
1104,mineral water
1104,milk
1104,pancakes
1105,burgers
1105,french wine
1105,eggs
1105,green beans
1105,clothes accessories
1106,mineral water
1106,whole wheat rice
1107,ground beef
1107,pepper
1107,mineral water
1107,chocolate
1107,white wine
1108,shrimp
1108,spinach
1109,muffins
1109,hot dogs
1109,brownies
1110,ground beef
1110,frozen smoothie
1110,cottage cheese
1110,mint
1111,fresh tuna
1111,frozen vegetables
1111,parmesan cheese
1111,pepper
1111,spaghetti
1112,green tea
1113,shrimp
1113,vegetables mix
1113,cookies
1113,mushroom cream sauce
1113,hot dogs
1114,mint
1115,spaghetti
1115,pancakes
1116,mineral water
1116,honey
1116,cake
1117,soda
1117,oil
1117,barbecue sauce
1117,pancakes
1118,chocolate
1118,spaghetti
1118,mineral water
1118,pancakes
1118,cake
1119,chocolate
1119,milk
1119,clothes accessories
1120,fresh tuna
1120,avocado
1120,vegetables mix
1120,green grapes
1120,honey
1121,mineral water
1121,meatballs
1121,french fries
1121,strawberries
1121,green tea
1122,shrimp
1122,champagne
1122,pasta
1122,magazines
1123,cookies
1124,turkey
1124,yams
1124,whole wheat rice
1124,cooking oil
1124,brownies
1125,chocolate
1125,frozen vegetables
1125,light mayo
1125,green tea
1126,turkey
1126,escalope
1127,escalope
1128,spaghetti
1128,chicken
1128,green tea
1128,white wine
1129,spinach
1130,chocolate
1130,mineral water
1131,cookies
1132,milk
1132,pancakes
1133,vegetables mix
1133,antioxydant juice
1133,french fries
1134,chocolate
1134,brownies
1134,pancakes
1135,milk
1135,cake
1135,gums
1135,french fries
1135,green tea
1136,shrimp
1136,mineral water
1136,black tea
1136,cookies
1137,ham
1137,milk
1138,ground beef
1138,chocolate
1138,salmon
1138,hot dogs
1139,turkey
1139,burgers
1139,mineral water
1139,chocolate
1139,avocado
1140,milk
1140,chicken
1140,mint green tea
1141,ground beef
1141,spaghetti
1141,honey
1141,sandwich
1142,milk
1142,eggs
1142,cake
1142,french fries
1143,oil
1144,shrimp
1144,tomatoes
1144,parmesan cheese
1144,whole wheat pasta
1144,black tea
1145,herb & pepper
1145,ground beef
1145,mineral water
1145,meatballs
1145,milk
1146,avocado
1146,champagne
1147,soup
1147,oatmeal
1147,green tea
1148,chocolate
1149,burgers
1149,pancakes
1149,green tea
1149,french fries
1150,tomato sauce
1151,clothes accessories
1151,french fries
1151,frozen smoothie
1151,escalope
1152,yams
1152,mineral water
1152,cake
1152,chocolate
1152,french fries
1153,turkey
1153,grated cheese
1153,energy drink
1154,pickles
1154,herb & pepper
1154,frozen vegetables
1154,cider
1154,eggs
1155,oil
1156,soup
1157,tomato sauce
1157,mint
1158,mineral water
1158,chicken
1159,burgers
1159,brownies
1160,french fries
1161,mineral water
1161,chocolate
1161,french fries
1161,cookies
1162,chicken
1163,chicken
1163,white wine
1164,spaghetti
1164,champagne
1164,cottage cheese
1164,pancakes
1164,light mayo
1165,olive oil
1166,milk
1167,grated cheese
1167,herb & pepper
1167,spaghetti
1167,milk
1167,green tea
1168,mineral water
1168,french fries
1169,cookies
1170,ham
1170,red wine
1170,corn
1170,green tea
1171,french fries
1172,escalope
1173,mineral water
1173,milk
1174,chocolate
1174,mineral water
1175,tomatoes
1176,grated cheese
1176,butter
1176,eggs
1176,cooking oil
1177,oil
1178,mineral water
1178,green tea
1179,tomatoes
1179,ground beef
1179,mineral water
1179,eggs
1179,cake
1180,ground beef
1180,green tea
1180,protein bar
1181,fresh tuna
1181,mineral water
1181,soup
1181,avocado
1182,muffins
1182,french fries
1182,escalope
1182,gluten free bar
1183,burgers
1183,mineral water
1183,whole wheat rice
1183,french fries
1184,protein bar
1185,oil
1185,salad
1185,magazines
1186,frozen vegetables
1186,tomatoes
1186,parmesan cheese
1186,muffins
1186,spinach
1187,candy bars
1188,butter
1188,green tea
1189,ham
1189,escalope
1189,green tea
1190,dessert wine
1190,frozen vegetables
1190,tomatoes
1190,parmesan cheese
1190,mineral water
1191,herb & pepper
1191,ground beef
1191,spaghetti
1191,french fries
1191,escalope
1192,grated cheese
1192,whole wheat rice
1192,chocolate
1192,frozen smoothie
1193,meatballs
1193,green tea
1194,whole wheat rice
1194,yogurt cake
1194,green tea
1195,tomato sauce
1195,soup
1195,blueberries
1195,burger sauce
1195,cookies
1196,low fat yogurt
1197,cake
1197,chicken
1197,escalope
1197,cottage cheese
1197,green tea
1198,energy bar
1198,french fries
1198,pancakes
1199,butter
1200,chicken
1200,rice
1200,oatmeal
1200,whole weat flour
1200,green tea
1201,eggs
1201,pasta
1201,mushroom cream sauce
1202,eggs
1203,eggs
1203,chocolate
1204,burgers
1204,mineral water
1204,whole wheat rice
1204,cake
1205,french wine
1205,eggs
1205,french fries
1205,green tea
1206,cookies
1207,cookies
1208,shrimp
1208,frozen vegetables
1208,whole wheat pasta
1208,milk
1208,chicken
1209,milk
1210,milk
1210,energy bar
1210,eggs
1210,frozen smoothie
1210,mint
1211,hot dogs
1212,frozen vegetables
1212,salmon
1213,shrimp
1213,spaghetti
1213,mineral water
1213,chocolate
1213,salmon
1214,eggs
1215,olive oil
1215,hot dogs
1216,shrimp
1216,mineral water
1216,meatballs
1216,olive oil
1217,meatballs
1218,spaghetti
1218,mineral water
1218,chili
1218,chocolate
1218,escalope
1219,cookies
1220,french fries
1220,frozen smoothie
1221,frozen vegetables
1221,mineral water
1222,green tea
1222,french fries
1222,escalope
1222,shallot
1223,fresh tuna
1223,spaghetti
1223,mineral water
1223,salmon
1224,olive oil
1225,shrimp
1225,frozen vegetables
1225,mineral water
1225,eggs
1225,chocolate
1226,avocado
1226,frozen smoothie
1226,low fat yogurt
1227,mineral water
1227,eggs
1228,cookies
1229,eggs
1229,french fries
1230,ham
1230,spaghetti
1230,eggs
1230,frozen smoothie
1230,magazines
1231,burgers
1231,eggs
1232,spaghetti
1232,oil
1232,cooking oil
1232,white wine
1233,frozen vegetables
1233,spaghetti
1233,brownies
1233,fresh bread
1234,shrimp
1234,green tea
1235,frozen vegetables
1235,ground beef
1235,mineral water
1235,milk
1235,olive oil
1236,corn
1237,burgers
1237,flax seed
1237,eggs
1237,green tea
1238,herb & pepper
1238,spaghetti
1238,cooking oil
1238,toothpaste
1239,cookies
1239,hot dogs
1239,green tea
1240,cookies
1241,eggs
1241,french fries
1241,brownies
1241,green tea
1242,mineral water
1242,energy bar
1242,chocolate
1242,low fat yogurt
1243,ground beef
1243,whole wheat rice
1243,mint
1244,milk
1245,pepper
1245,green tea
1246,red wine
1246,shrimp
1246,frozen vegetables
1246,eggs
1246,rice
1247,fresh bread
1247,white wine
1248,chocolate
1248,spaghetti
1248,mineral water
1248,soup
1248,butter
1249,ham
1249,mineral water
1249,spinach
1249,cooking oil
1249,french fries
1250,eggs
1251,chocolate
1251,milk
1251,eggs
1251,oatmeal
1251,french fries
1252,eggs
1253,spaghetti
1253,eggs
1254,turkey
1254,mineral water
1255,low fat yogurt
1256,pepper
1256,chocolate
1256,blueberries
1256,oil
1256,fresh bread
1257,mineral water
1257,soup
1257,muffins
1257,pet food
1257,eggplant
1258,milk
1258,salmon
1258,whole weat flour
1258,chocolate
1258,low fat yogurt
1259,olive oil
1259,zucchini
1260,salmon
1260,whole wheat rice
1261,shrimp
1261,mineral water
1261,pancakes
1261,clothes accessories
1261,champagne
1262,pepper
1262,milk
1262,oil
1263,burgers
1263,meatballs
1263,eggs
1263,french fries
1264,spaghetti
1264,chocolate
1264,cake
1264,fresh bread
1264,white wine
1265,turkey
1265,whole wheat rice
1265,chicken
1266,pancakes
1266,eggs
1266,champagne
1267,eggs
1267,eggplant
1267,french fries
1268,escalope
1269,brownies
1270,flax seed
1270,green tea
1270,fresh bread
1271,cookies
1272,ham
1272,pepper
1272,spaghetti
1272,strawberries
1272,white wine
1273,mineral water
1273,salmon
1273,frozen smoothie
1273,cottage cheese
1274,dessert wine
1274,herb & pepper
1274,tomatoes
1274,yams
1274,mineral water
1275,turkey
1275,ground beef
1275,eggs
1275,burger sauce
1275,chicken
1276,chocolate
1276,mineral water
1276,eggs
1276,light cream
1276,bug spray
1277,turkey
1277,fresh tuna
1277,shrimp
1277,spaghetti
1278,tomatoes
1278,milk
1278,almonds
1279,ground beef
1279,spaghetti
1279,mineral water
1279,eggs
1279,chocolate
1280,tomatoes
1280,spaghetti
1281,grated cheese
1281,red wine
1281,spaghetti
1281,mineral water
1281,olive oil
1282,spaghetti
1282,olive oil
1282,flax seed
1282,bug spray
1283,cake
1283,cottage cheese
1283,green tea
1284,burgers
1284,tomatoes
1284,olive oil
1284,protein bar
1284,shampoo
1285,fromage blanc
1285,mushroom cream sauce
1285,low fat yogurt
1286,fresh bread
1287,ham
1287,mineral water
1287,olive oil
1287,oil
1287,carrots
1288,cake
1289,burgers
1289,ground beef
1289,spaghetti
1289,mineral water
1289,avocado
1290,tomatoes
1290,ground beef
1290,mineral water
1290,muffins
1290,escalope
1291,salmon
1292,shrimp
1292,frozen vegetables
1292,green tea
1293,spaghetti
1293,milk
1293,olive oil
1293,french fries
1293,escalope
1294,turkey
1294,green grapes
1294,champagne
1294,strawberries
1294,green tea
1295,burgers
1296,herb & pepper
1296,spaghetti
1296,milk
1296,energy bar
1296,eggs
1297,red wine
1297,spaghetti
1297,olive oil
1297,cake
1297,fresh bread
1298,milk
1298,cooking oil
1298,chicken
1298,chocolate
1298,escalope
1299,energy bar
1300,mineral water
1301,eggs
1302,frozen vegetables
1302,chocolate
1302,strawberries
1303,mineral water
1303,milk
1303,olive oil
1303,black tea
1303,light mayo
1304,french fries
1305,turkey
1305,milk
1305,energy bar
1305,whole wheat rice
1305,yogurt cake
1306,burgers
1306,cream
1306,chicken
1306,cookies
1307,fresh bread
1308,milk
1309,tomato sauce
1309,oil
1309,clothes accessories
1310,burgers
1310,butter
1311,milk
1311,pancakes
1312,grated cheese
1312,spaghetti
1313,soup
1313,barbecue sauce
1313,cookies
1314,turkey
1314,burgers
1314,whole wheat pasta
1314,mineral water
1314,milk
1315,turkey
1315,vegetables mix
1315,gums
1315,green tea
1316,soup
1316,fromage blanc
1316,eggs
1316,cake
1316,carrots
1317,dessert wine
1317,burgers
1317,cake
1317,frozen smoothie
1317,toothpaste
1318,grated cheese
1318,eggplant
1318,cereals
1319,energy drink
1320,muffins
1321,energy drink
1322,milk
1322,green tea
1323,salmon
1323,green tea
1324,eggs
1324,cookies
1324,green tea
1325,cake
1325,french fries
1326,grated cheese
1326,herb & pepper
1326,shrimp
1326,ground beef
1326,spaghetti
1327,soup
1327,chocolate
1327,candy bars
1328,herb & pepper
1328,shrimp
1328,ground beef
1328,chocolate
1328,milk
1329,milk
1329,chocolate
1329,babies food
1330,chocolate
1330,spaghetti
1330,mineral water
1330,soup
1330,muffins
1331,protein bar
1332,tomatoes
1332,whole weat flour
1332,green tea
1332,fresh bread
1332,white wine
1333,green tea
1333,pancakes
1334,frozen vegetables
1334,whole wheat pasta
1334,milk
1334,french fries
1334,mushroom cream sauce
1335,chocolate bread
1335,hand protein bar
1336,grated cheese
1336,pepper
1336,spaghetti
1336,escalope
1337,fresh bread
1337,white wine
1338,spaghetti
1338,eggs
1338,eggplant
1339,milk
1339,butter
1339,pancakes
1339,eggs
1340,turkey
1340,grated cheese
1340,tomatoes
1341,yogurt cake
1342,burgers
1342,honey
1342,escalope
1343,oil
1344,frozen vegetables
1344,tomatoes
1344,french fries
1344,escalope
1344,sparkling water
1345,shrimp
1345,spaghetti
1345,mineral water
1346,fresh bread
1347,mineral water
1347,eggs
1348,green tea
1349,frozen vegetables
1349,low fat yogurt
1350,cookies
1351,escalope
1352,cookies
1352,water spray
1353,mashed potato
1354,eggs
1354,cooking oil
1354,low fat yogurt
1355,cake
1356,mineral water
1356,avocado
1357,parmesan cheese
1357,ground beef
1357,spaghetti
1357,blueberries
1357,rice
1358,mineral water
1359,milk
1359,eggs
1360,ground beef
1360,spaghetti
1360,mineral water
1360,milk
1360,eggs
1361,cake
1362,cookies
1363,burgers
1364,frozen vegetables
1364,spaghetti
1364,milk
1364,cider
1364,french fries
1365,turkey
1365,shrimp
1365,frozen vegetables
1365,mineral water
1365,chocolate
1366,eggs
1367,turkey
1367,tomatoes
1367,spaghetti
1367,mineral water
1368,burgers
1368,spaghetti
1368,low fat yogurt
1368,green tea
1369,mineral water
1369,eggs
1370,mineral water
1370,cookies
1371,mineral water
1371,salmon
1372,fresh tuna
1372,tomatoes
1372,tomato sauce
1372,spaghetti
1372,chocolate
1373,mineral water
1373,milk
1373,honey
1373,low fat yogurt
1374,herb & pepper
1374,shrimp
1374,tomatoes
1374,milk
1374,eggs
1375,pancakes
1375,eggs
1375,french fries
1376,french fries
1376,brownies
1377,mineral water
1377,milk
1377,energy bar
1377,barbecue sauce
1377,chocolate
1378,fresh tuna
1378,tomatoes
1378,mineral water
1378,eggs
1378,honey
1379,soup
1379,milk
1379,bacon
1379,whole wheat rice
1379,cooking oil
1380,chocolate
1381,meatballs
1381,green tea
1382,grated cheese
1382,spaghetti
1383,grated cheese
1383,pepper
1383,green tea
1384,turkey
1384,spaghetti
1384,mineral water
1384,oil
1384,mint green tea
1385,chicken
1385,french fries
1386,frozen vegetables
1386,whole wheat pasta
1386,ground beef
1386,spaghetti
1386,milk
1387,eggs
1388,shrimp
1388,spaghetti
1388,mineral water
1388,cooking oil
1388,escalope
1389,turkey
1389,burgers
1389,ground beef
1389,milk
1389,bacon
1390,olive oil
1391,turkey
1391,tomatoes
1391,eggs
1391,chocolate
1392,burgers
1392,shrimp
1392,pasta
1392,frozen vegetables
1392,mineral water
1393,burgers
1393,eggs
1393,french fries
1393,energy drink
1394,almonds
1394,eggs
1394,cooking oil
1394,french fries
1394,green tea
1395,light mayo
1396,frozen vegetables
1396,whole wheat pasta
1396,carrots
1396,antioxydant juice
1396,french fries
1397,tomatoes
1397,mineral water
1397,meatballs
1397,chicken
1397,pancakes
1398,shrimp
1398,frozen vegetables
1398,parmesan cheese
1398,avocado
1398,chicken
1399,red wine
1399,tomatoes
1399,spaghetti
1399,chocolate
1399,chicken
1400,spaghetti
1400,mineral water
1400,soup
1400,cider
1400,chutney
1401,fresh tuna
1401,herb & pepper
1401,spaghetti
1401,low fat yogurt
1402,fresh tuna
1402,eggs
1403,chocolate
1403,escalope
1403,pasta
1403,honey
1404,fresh bread
1405,herb & pepper
1405,ground beef
1405,cooking oil
1405,chocolate
1405,french fries
1406,turkey
1406,red wine
1407,ham
1407,shrimp
1407,spaghetti
1407,cookies
1408,mineral water
1408,soup
1408,bacon
1408,cake
1408,light cream
1409,burgers
1409,spaghetti
1409,eggs
1409,french fries
1410,burgers
1410,spaghetti
1411,eggs
1411,french fries
1412,ground beef
1412,honey
1412,chicken
1412,pasta
1413,burgers
1413,ground beef
1413,mineral water
1413,chocolate
1413,champagne
1414,burgers
1414,ground beef
1414,spaghetti
1414,mineral water
1414,soup
1415,ham
1415,grated cheese
1415,pepper
1415,pancakes
1415,honey
1416,burgers
1416,mineral water
1416,milk
1416,cake
1416,chocolate
1417,shrimp
1417,pasta
1418,pancakes
1418,light mayo
1419,green tea
1420,burgers
1420,frozen vegetables
1420,tomatoes
1420,spaghetti
1420,mineral water
1421,herb & pepper
1421,shrimp
1421,frozen vegetables
1421,tomatoes
1421,avocado
1422,whole wheat pasta
1422,spaghetti
1422,meatballs
1422,milk
1422,almonds
1423,vegetables mix
1423,oil
1423,chocolate
1423,escalope
1423,zucchini
1424,herb & pepper
1424,tomato sauce
1424,mineral water
1425,burgers
1425,ham
1425,ground beef
1425,spaghetti
1425,mineral water
1426,eggs
1427,turkey
1427,eggs
1427,frozen smoothie
1428,burgers
1428,grated cheese
1428,mineral water
1428,milk
1428,eggs
1429,tomatoes
1429,mineral water
1429,olive oil
1429,extra dark chocolate
1430,parmesan cheese
1430,mineral water
1430,extra dark chocolate
1430,toothpaste
1430,candy bars
1431,gluten free bar
1432,green tea
1433,french fries
1433,champagne
1434,escalope
1434,pasta
1434,mushroom cream sauce
1435,chocolate
1435,asparagus
1436,frozen smoothie
1437,ham
1437,energy drink
1438,tomatoes
1438,chocolate
1438,soup
1438,pancakes
1439,spaghetti
1439,pancakes
1440,turkey
1440,honey
1440,cake
1440,clothes accessories
1440,french fries
1441,cottage cheese
1442,frozen vegetables
1442,mineral water
1442,almonds
1442,bacon
1442,eggs
1443,mineral water
1443,honey
1443,hot dogs
1444,cookies
1445,cookies
1446,spaghetti
1446,olive oil
1446,cake
1446,mushroom cream sauce
1447,french fries
1448,eggs
1448,french fries
1448,energy drink
1448,light mayo
1448,low fat yogurt
1449,eggs
1450,avocado
1450,green grapes
1451,cookies
1452,chocolate
1452,pancakes
1452,rice
1452,frozen smoothie
1452,low fat yogurt
1453,mineral water
1453,chocolate
1453,milk
1453,salmon
1453,pancakes
1454,cookies
1455,green tea
1456,french fries
1456,cottage cheese
1457,herb & pepper
1457,spaghetti
1457,pancakes
1457,cake
1458,cider
1458,cake
1459,shrimp
1459,frozen vegetables
1459,spaghetti
1459,mint
1460,cookies
1461,eggs
1461,french fries
1462,tomatoes
1462,blueberries
1462,mint
1463,tomatoes
1464,pancakes
1465,burgers
1465,mineral water
1465,eggs
1465,cookies
1466,tomatoes
1466,mineral water
1467,spaghetti
1467,eggs
1468,avocado
1468,almonds
1468,french wine
1468,honey
1468,whole wheat rice
1469,turkey
1470,shrimp
1470,spaghetti
1470,chocolate
1470,light mayo
1471,shrimp
1471,butter
1471,fresh bread
1472,tomatoes
1472,soup
1472,french fries
1472,escalope
1472,hand protein bar
1473,frozen vegetables
1473,ground beef
1473,mineral water
1473,soup
1473,milk
1474,turkey
1474,spaghetti
1474,mineral water
1474,milk
1474,flax seed
1475,cookies
1476,grated cheese
1476,shrimp
1476,french fries
1476,cookies
1476,pancakes
1477,eggs
1477,low fat yogurt
1478,cookies
1479,shrimp
1479,frozen vegetables
1479,tomatoes
1479,spaghetti
1480,parmesan cheese
1480,mineral water
1480,champagne
1480,white wine
1480,low fat yogurt
1481,frozen vegetables
1482,nonfat milk
1482,tomato juice
1482,green tea
1483,frozen vegetables
1483,cake
1483,french fries
1484,energy bar
1484,cake
1485,burgers
1485,tomatoes
1485,mineral water
1485,bramble
1486,mineral water
1487,burgers
1487,strong cheese
1487,champagne
1487,escalope
1488,grated cheese
1488,honey
1488,cake
1488,green tea
1489,mineral water
1489,eggs
1489,low fat yogurt
1490,burgers
1490,mineral water
1490,avocado
1490,corn
1490,escalope
1491,cake
1491,french fries
1492,french fries
1493,frozen vegetables
1493,parmesan cheese
1493,mineral water
1493,eggplant
1493,chocolate
1494,mineral water
1494,chocolate
1494,fresh bread
1495,cookies
1496,tomatoes
1496,mineral water
1497,milk
1497,yogurt cake
1497,melons
1498,olive oil
1498,extra dark chocolate
1499,pickles
1499,frozen vegetables
1499,chocolate
1499,sparkling water
1499,green tea
1500,burgers
1500,bacon
1500,champagne
1500,light mayo
1501,spaghetti
1501,chicken
1501,eggs
1502,low fat yogurt
1503,champagne
1504,burgers
1504,ham
1504,tomatoes
1504,spaghetti
1504,milk
1505,champagne
1506,milk
1506,butter
1506,french fries
1506,mushroom cream sauce
1506,brownies
1507,herb & pepper
1507,nonfat milk
1507,eggs
1507,cooking oil
1508,spaghetti
1509,candy bars
1510,frozen vegetables
1511,burgers
1511,ham
1511,frozen vegetables
1511,french fries
1511,tomato juice
1512,turkey
1512,shrimp
1512,eggs
1512,light cream
1512,cottage cheese
1513,frozen vegetables
1513,tomatoes
1513,ground beef
1513,mineral water
1513,milk
1514,shrimp
1514,butter
1514,soda
1514,chocolate
1514,tomato juice
1515,grated cheese
1515,chocolate
1515,escalope
1516,french fries
1516,mayonnaise
1517,mineral water
1518,chocolate
1518,eggs
1518,low fat yogurt
1519,salmon
1519,chicken
1519,green tea
1520,frozen vegetables
1520,milk
1520,fromage blanc
1520,eggs
1520,chocolate
1521,ground beef
1521,mineral water
1521,pancakes
1522,red wine
1523,frozen vegetables
1523,fresh bread
1524,mineral water
1525,mineral water
1525,avocado
1525,eggs
1525,cake
1525,low fat yogurt
1526,red wine
1526,shrimp
1526,chocolate
1526,salmon
1526,rice
1527,turkey
1527,burgers
1527,soup
1527,olive oil
1527,salmon
1528,french fries
1528,cookies
1529,olive oil
1529,rice
1529,sparkling water
1530,shrimp
1530,ground beef
1530,spaghetti
1530,bug spray
1530,chocolate
1531,tomatoes
1531,green tea
1532,ground beef
1532,meatballs
1532,salmon
1532,cake
1532,salt
1533,tomatoes
1533,ground beef
1533,soda
1533,frozen smoothie
1533,mint
1534,pepper
1534,spaghetti
1534,mineral water
1534,chili
1534,escalope
1535,frozen vegetables
1535,parmesan cheese
1535,oil
1535,green beans
1535,tea
1536,spaghetti
1536,whole wheat rice
1536,french fries
1536,cookies
1536,green tea
1537,shrimp
1537,eggs
1537,chocolate
1537,mushroom cream sauce
1537,low fat yogurt
1538,cookies
1538,green tea
1539,ground beef
1539,spaghetti
1539,mineral water
1539,soup
1539,chicken
1540,frozen vegetables
1540,tomatoes
1540,mineral water
1540,soup
1540,milk
1541,meatballs
1542,ground beef
1543,grated cheese
1543,mineral water
1543,cooking oil
1544,tomatoes
1544,milk
1544,muffins
1544,french fries
1545,cookies
1545,low fat yogurt
1546,frozen vegetables
1546,mineral water
1546,chocolate
1546,whole wheat rice
1547,grated cheese
1547,tomatoes
1547,spaghetti
1547,mineral water
1547,milk
1548,tomatoes
1548,fresh bread
1549,eggs
1550,ham
1550,burgers
1550,mineral water
1550,chocolate
1550,butter
1551,french fries
1552,ground beef
1553,ground beef
1553,mushroom cream sauce
1554,burgers
1554,chocolate
1554,cake
1554,cookies
1554,green tea
1555,chocolate
1555,champagne
1556,chocolate bread
1556,mushroom cream sauce
1556,salt
1557,herb & pepper
1557,shrimp
1557,tomatoes
1557,ground beef
1557,spaghetti
1558,fresh tuna
1558,grated cheese
1558,meatballs
1558,whole weat flour
1558,green tea
1559,eggs
1559,frozen smoothie
1560,frozen vegetables
1560,eggs
1561,burgers
1561,frozen vegetables
1561,mineral water
1561,soup
1561,meatballs
1562,frozen vegetables
1562,mineral water
1562,chicken
1562,salmon
1562,eggs
1563,french fries
1564,mineral water
1564,cake
1564,honey
1565,tomatoes
1566,mineral water
1567,ground beef
1567,spaghetti
1567,olive oil
1567,cookies
1567,pasta
1568,eggs
1568,ham
1569,chocolate
1569,olive oil
1569,pancakes
1569,eggs
1570,frozen vegetables
1570,almonds
1570,eggs
1570,fresh bread
1570,mint
1571,burgers
1571,chocolate
1571,herb & pepper
1571,ground beef
1571,spaghetti
1572,french fries
1573,eggs
1573,chocolate
1573,french fries
1574,frozen vegetables
1574,tomatoes
1574,ground beef
1574,spaghetti
1574,avocado
1575,frozen vegetables
1575,ground beef
1575,spaghetti
1575,yams
1575,zucchini
1576,butter
1576,cake
1576,green tea
1576,mushroom cream sauce
1576,mint
1577,ground beef
1577,spaghetti
1577,pancakes
1577,chicken
1577,mint green tea
1578,tomatoes
1578,avocado
1578,eggs
1578,cake
1578,energy drink
1579,mineral water
1579,whole wheat rice
1579,low fat yogurt
1580,avocado
1580,soda
1581,spaghetti
1581,vegetables mix
1581,rice
1581,eggplant
1581,green tea
1582,grated cheese
1582,red wine
1582,milk
1582,chicken
1582,cider
1583,turkey
1583,pancakes
1584,mineral water
1584,milk
1584,almonds
1584,bacon
1584,eggs
1585,turkey
1585,grated cheese
1585,shrimp
1585,tomatoes
1585,spaghetti
1586,olive oil
1586,french fries
1587,soup
1588,spaghetti
1588,mineral water
1588,spinach
1588,eggs
1588,rice
1589,fresh tuna
1589,chocolate
1589,french fries
1590,mineral water
1590,soup
1590,eggs
1590,cake
1590,rice
1591,mineral water
1591,chocolate
1591,olive oil
1591,flax seed
1591,black tea
1592,french fries
1593,cooking oil
1594,tomatoes
1595,spaghetti
1595,yams
1595,green grapes
1595,eggs
1595,french fries
1596,mineral water
1596,cooking oil
1596,mint
1597,grated cheese
1597,frozen vegetables
1597,mineral water
1597,eggs
1597,cooking oil
1598,soup
1598,milk
1598,salmon
1599,cookies
1600,fresh bread
1601,strawberries
1602,muffins
1603,chocolate
1604,dessert wine
1604,grated cheese
1604,shrimp
1604,frozen vegetables
1604,ground beef
1605,shrimp
1605,frozen vegetables
1605,ground beef
1605,tomato sauce
1605,spaghetti
1606,chocolate
1606,shrimp
1606,milk
1606,olive oil
1606,cider
1607,shrimp
1607,mineral water
1607,almonds
1607,eggs
1607,cake
1608,chocolate
1608,shallot
1608,energy drink
1609,tomatoes
1609,whole wheat pasta
1609,ground beef
1609,spaghetti
1609,mineral water
1610,mineral water
1610,soup
1610,milk
1610,salmon
1610,cooking oil
1611,red wine
1611,mineral water
1611,soup
1611,avocado
1612,turkey
1612,red wine
1612,ground beef
1612,spaghetti
1612,mineral water
1613,fresh tuna
1613,herb & pepper
1613,frozen vegetables
1613,tomatoes
1613,spaghetti
1614,shrimp
1614,tomatoes
1614,spaghetti
1614,green beans
1615,burgers
1615,spaghetti
1615,avocado
1615,pancakes
1615,cake
1616,milk
1617,chocolate
1618,energy bar
1618,eggs
1618,cottage cheese
1618,green tea
1619,pepper
1619,chocolate
1619,french fries
1619,cookies
1619,strawberries
1620,escalope
1621,chocolate
1621,cake
1621,gums
1621,champagne
1621,protein bar
1622,ground beef
1622,chocolate
1622,mint
1623,burgers
1623,fresh tuna
1623,ham
1623,grated cheese
1623,frozen vegetables
1624,fresh tuna
1624,mineral water
1624,cider
1624,eggs
1624,brownies
1625,french fries
1625,cookies
1626,chocolate
1626,frozen vegetables
1626,mineral water
1626,cake
1626,french fries
1627,burgers
1627,tomatoes
1627,mineral water
1627,eggs
1627,light cream
1628,spaghetti
1628,french fries
1629,mineral water
1629,escalope
1630,ground beef
1631,chocolate
1631,spaghetti
1631,mineral water
1632,frozen vegetables
1632,tomatoes
1632,mineral water
1632,soup
1632,milk
1633,grated cheese
1633,ground beef
1633,whole wheat rice
1633,french fries
1633,escalope
1634,frozen vegetables
1634,tomatoes
1634,ground beef
1634,mineral water
1634,milk
1635,chocolate
1635,fresh bread
1636,spaghetti
1636,soup
1636,cake
1636,pet food
1636,hot dogs
1637,olive oil
1637,salad
1638,mineral water
1638,olive oil
1639,ground beef
1639,spaghetti
1639,mineral water
1639,chocolate
1639,escalope
1640,burgers
1640,whole wheat pasta
1640,mineral water
1640,milk
1640,pancakes
1641,salmon
1642,herb & pepper
1642,mineral water
1642,chocolate
1642,eggs
1642,cereals
1643,ground beef
1643,mineral water
1643,milk
1644,eggs
1644,whole wheat rice
1644,chocolate
1645,cookies
1645,yogurt cake
1646,whole weat flour
1646,green tea
1646,pancakes
1646,melons
1647,herb & pepper
1647,mint
1648,salmon
1648,vegetables mix
1649,chocolate
1649,yogurt cake
1650,pancakes
1651,muffins
1651,chicken
1651,fresh bread
1651,white wine
1652,muffins
1652,blueberries
1652,pet food
1652,green tea
1652,toothpaste
1653,chocolate
1653,olive oil
1653,whole wheat rice
1653,cake
1653,green beans
1654,burgers
1655,fresh tuna
1655,frozen vegetables
1655,strong cheese
1655,cottage cheese
1655,tomato juice
1656,shrimp
1656,tomatoes
1656,spaghetti
1656,mineral water
1656,chocolate
1657,mushroom cream sauce
1658,chocolate
1658,cooking oil
1659,mineral water
1659,chocolate
1659,frozen smoothie
1660,french wine
1660,low fat yogurt
1661,tomato juice
1662,chili
1662,french fries
1662,green tea
1663,cake
1663,french fries
1664,pepper
1664,eggs
1665,muffins
1665,french fries
1665,frozen smoothie
1666,tomato sauce
1667,shrimp
1667,tomatoes
1667,soup
1667,clothes accessories
1667,green tea
1668,honey
1668,french fries
1668,escalope
1669,tomatoes
1669,ground beef
1669,chicken
1669,green tea
1669,escalope
1670,champagne
1670,body spray
1671,muffins
1671,french fries
1671,escalope
1671,hot dogs
1672,mint
1673,herb & pepper
1673,frozen vegetables
1673,salmon
1673,carrots
1673,chocolate
1674,cookies
1675,cereals
1675,pancakes
1675,yogurt cake
1676,olive oil
1677,green tea
1678,whole wheat pasta
1678,spaghetti
1678,milk
1679,mineral water
1679,mint
1680,ground beef
1680,pancakes
1681,grated cheese
1681,tomatoes
1681,spaghetti
1681,mineral water
1681,milk
1682,burgers
1682,grated cheese
1682,shrimp
1682,whole wheat pasta
1682,olive oil
1683,chocolate
1683,honey
1684,muffins
1684,chocolate
1685,whole wheat pasta
1685,ground beef
1685,mineral water
1685,avocado
1685,milk
1686,escalope
1686,green tea
1687,grated cheese
1687,whole wheat pasta
1687,mineral water
1687,avocado
1687,olive oil
1688,muffins
1688,french fries
1688,yogurt cake
1689,soup
1689,milk
1689,brownies
1690,burgers
1690,avocado
1690,french fries
1691,eggs
1691,burger sauce
1691,escalope
1692,spaghetti
1692,pancakes
1692,french fries
1693,spaghetti
1693,cake
1694,ground beef
1694,green beans
1694,french fries
1694,green tea
1695,spaghetti
1695,mineral water
1695,chocolate
1695,milk
1695,chicken
1696,cake
1696,hot dogs
1697,spaghetti
1697,whole wheat rice
1697,french fries
1698,spaghetti
1698,salmon
1698,cake
1698,energy drink
1699,shrimp
1699,frozen vegetables
1699,mineral water
1699,pancakes
1699,cake
1700,honey
1701,shrimp
1701,whole wheat pasta
1701,pepper
1701,spaghetti
1701,flax seed
1702,mineral water
1703,pancakes
1703,mint
1704,shrimp
1704,spaghetti
1704,vegetables mix
1704,rice
1704,cookies
1705,spaghetti
1705,milk
1705,frozen smoothie
1705,green tea
1706,ground beef
1706,vegetables mix
1706,honey
1706,tomato juice
1707,burgers
1707,chocolate
1707,tomatoes
1707,whole wheat pasta
1707,spaghetti
1708,tomatoes
1708,burger sauce
1708,chocolate
1708,green tea
1709,frozen vegetables
1709,whole wheat pasta
1709,milk
1709,pancakes
1709,whole wheat rice
1710,grated cheese
1710,spaghetti
1710,olive oil
1711,mineral water
1711,milk
1711,chicken
1711,oil
1711,carrots
1712,barbecue sauce
1712,french fries
1712,frozen smoothie
1713,shrimp
1713,honey
1713,ketchup
1713,frozen smoothie
1713,escalope
1714,mineral water
1714,cooking oil
1714,chocolate
1715,ground beef
1715,soup
1715,avocado
1715,olive oil
1715,cake
1716,shrimp
1716,frozen vegetables
1716,spaghetti
1717,butter
1718,french fries
1719,frozen vegetables
1719,escalope
1720,green tea
1721,escalope
1722,herb & pepper
1722,parmesan cheese
1722,frozen smoothie
1723,tomatoes
1723,chicken
1724,ground beef
1724,pepper
1724,spaghetti
1724,milk
1724,vegetables mix
1725,chocolate
1725,herb & pepper
1725,shrimp
1725,mineral water
1725,chicken
1726,chocolate
1727,light cream
1728,tomatoes
1728,pancakes
1729,mineral water
1729,cake
1729,frozen smoothie
1729,cookies
1729,yogurt cake
1730,turkey
1730,mineral water
1730,chocolate
1730,yogurt cake
1730,light mayo
1731,cookies
1732,mineral water
1732,chicken
1732,oil
1732,chocolate
1732,frozen smoothie
1733,cookies
1734,meatballs
1734,yogurt cake
1735,cooking oil
1736,mineral water
1737,cookies
1737,pasta
1738,hot dogs
1739,ground beef
1739,pepper
1739,olive oil
1739,butter
1739,green grapes
1740,burgers
1740,shrimp
1740,spaghetti
1740,avocado
1740,milk
1741,whole wheat rice
1742,spaghetti
1742,avocado
1742,brownies
1743,fresh tuna
1743,spaghetti
1743,mineral water
1743,salmon
1744,pancakes
1744,cereals
1744,chocolate
1745,burgers
1745,tomatoes
1745,pepper
1745,corn
1745,cereals
1746,ground beef
1746,milk
1746,frozen smoothie
1747,spaghetti
1747,milk
1748,shrimp
1748,mineral water
1748,energy drink
1748,salt
1748,magazines
1749,grated cheese
1749,spinach
1749,french fries
1750,spaghetti
1750,mineral water
1750,milk
1750,corn
1751,chocolate
1751,grated cheese
1751,herb & pepper
1751,whole wheat pasta
1751,almonds
1752,tomatoes
1752,cooking oil
1753,whole wheat pasta
1753,strawberries
1753,melons
1753,low fat yogurt
1754,mineral water
1754,energy drink
1755,chocolate
1755,cookies
1755,green tea
1756,grated cheese
1756,pepper
1756,cake
1756,bramble
1756,chocolate
1757,mineral water
1757,french fries
1758,grated cheese
1758,frozen vegetables
1758,whole wheat pasta
1758,mineral water
1758,milk
1759,cereals
1759,pancakes
1760,pickles
1760,shrimp
1760,milk
1760,cake
1760,french fries
1761,whole wheat rice
1761,cooking oil
1761,cottage cheese
1761,zucchini
1762,whole wheat pasta
1762,avocado
1762,olive oil
1762,chocolate
1762,french fries
1763,fresh tuna
1763,mineral water
1763,pancakes
1763,cake
1763,oil
1764,cake
1764,cookies
1764,green tea
1765,burgers
1765,cake
1766,mineral water
1766,milk
1766,cider
1766,gums
1766,extra dark chocolate
1767,escalope
1768,mineral water
1768,whole wheat rice
1769,burgers
1769,ground beef
1769,honey
1769,blueberries
1769,gums
1770,french fries
1770,pancakes
1770,gluten free bar
1771,fresh tuna
1771,mineral water
1771,avocado
1771,fromage blanc
1771,chocolate
1772,escalope
1772,cookies
1773,burgers
1773,chocolate
1773,spaghetti
1773,mineral water
1773,milk
1774,burgers
1774,ground beef
1774,spaghetti
1774,avocado
1774,milk
1775,burgers
1775,eggs
1775,champagne
1776,grated cheese
1777,ground beef
1777,milk
1777,energy bar
1777,pancakes
1777,honey
1778,shrimp
1778,mineral water
1778,extra dark chocolate
1778,green tea
1779,spaghetti
1780,mineral water
1780,french fries
1781,milk
1781,muffins
1781,honey
1781,whole weat flour
1781,green tea
1782,butter
1782,bacon
1782,eggs
1782,carrots
1782,french fries
1783,shrimp
1783,frozen vegetables
1783,tomatoes
1783,spaghetti
1783,eggs
1784,shrimp
1784,tomatoes
1784,mineral water
1784,chocolate
1785,mineral water
1785,meatballs
1785,olive oil
1785,muffins
1785,whole wheat rice
1786,cookies
1787,eggs
1787,chicken
1787,whole weat flour
1787,strawberries
1787,low fat yogurt
1788,burgers
1788,eggs
1788,french fries
1789,nonfat milk
1789,escalope
1790,spaghetti
1790,mineral water
1790,extra dark chocolate
1790,green tea
1790,zucchini
1791,eggs
1791,french fries
1792,frozen vegetables
1792,spaghetti
1792,mineral water
1792,salmon
1792,cake
1793,meatballs
1793,french wine
1794,cake
1794,french fries
1795,cider
1795,frozen smoothie
1796,eggs
1796,whole weat flour
1796,eggplant
1796,strawberries
1796,low fat yogurt
1797,turkey
1797,pepper
1797,light mayo
1797,protein bar
1798,turkey
1798,tomatoes
1798,low fat yogurt
1799,flax seed
1799,cake
1799,green tea
1799,french fries
1799,mushroom cream sauce
1800,eggs
1800,cookies
1801,turkey
1801,mineral water
1801,whole wheat rice
1801,body spray
1801,energy drink
1802,eggs
1802,escalope
1803,eggs
1803,honey
1803,salt
1803,green tea
1804,spaghetti
1804,mineral water
1804,french fries
1804,pancakes
1805,green tea
1806,tomatoes
1806,spaghetti
1806,mineral water
1806,milk
1806,energy bar
1807,shrimp
1807,tomatoes
1808,light cream
1808,chocolate
1808,pancakes
1808,yogurt cake
1809,turkey
1809,eggs
1810,french fries
1811,french fries
1812,ground beef
1813,grated cheese
1813,mineral water
1813,eggs
1813,extra dark chocolate
1813,yogurt cake
1814,salmon
1814,eggs
1814,cake
1815,frozen vegetables
1815,spaghetti
1815,mineral water
1815,vegetables mix
1816,shrimp
1816,mineral water
1816,olive oil
1816,eggs
1816,cake
1817,turkey
1817,herb & pepper
1817,spaghetti
1817,eggs
1818,spaghetti
1818,mineral water
1818,eggs
1818,burger sauce
1818,cooking oil
1819,whole weat flour
1819,cereals
1819,honey
1820,turkey
1820,burgers
1820,spaghetti
1820,pancakes
1820,ketchup
1821,grated cheese
1821,herb & pepper
1821,spaghetti
1821,french wine
1821,chicken
1822,burgers
1822,fresh tuna
1822,pickles
1822,vegetables mix
1822,hot dogs
1823,tomatoes
1823,french fries
1824,escalope
1824,cookies
1825,energy bar
1826,dessert wine
1826,mineral water
1826,milk
1827,turkey
1827,pepper
1827,black tea
1827,honey
1827,cake
1828,whole wheat pasta
1828,pepper
1828,olive oil
1828,whole wheat rice
1828,rice
1829,soup
1829,french fries
1830,burgers
1830,mineral water
1830,escalope
1831,pepper
1831,mineral water
1831,soup
1831,milk
1831,french wine
1832,french fries
1833,french fries
1833,escalope
1834,chocolate
1834,shrimp
1834,milk
1834,butter
1834,black tea
1835,chicken
1836,chocolate
1836,frozen smoothie
1837,pancakes
1838,chicken
1838,honey
1838,whole weat flour
1838,cereals
1838,green tea
1839,mineral water
1839,french fries
1839,cookies
1839,shallot
1839,low fat yogurt
1840,mineral water
1840,pancakes
1840,eggs
1840,whole wheat rice
1840,yogurt cake
1841,frozen smoothie
1842,pepper
1842,cider
1843,frozen vegetables
1843,spaghetti
1843,milk
1843,bacon
1843,barbecue sauce
1844,frozen vegetables
1844,parmesan cheese
1844,spaghetti
1844,escalope
1844,sparkling water
1845,cake
1846,red wine
1846,gums
1846,pet food
1847,turkey
1848,frozen vegetables
1848,spaghetti
1848,mineral water
1848,soup
1848,green grapes
1849,chocolate
1850,eggs
1850,champagne
1851,frozen vegetables
1851,spaghetti
1852,grated cheese
1852,herb & pepper
1852,ground beef
1852,mineral water
1852,rice
1853,mineral water
1854,red wine
1854,eggs
1855,turkey
1855,spinach
1856,burgers
1856,herb & pepper
1856,shrimp
1856,whole weat flour
1856,green tea
1857,spaghetti
1857,escalope
1858,fresh tuna
1858,pepper
1858,spaghetti
1858,whole wheat rice
1858,cooking oil
1859,escalope
1860,tomatoes
1860,french fries
1860,body spray
1860,yogurt cake
1861,rice
1861,burger sauce
1861,french fries
1861,frozen smoothie
1861,sandwich
1862,tomatoes
1862,soup
1862,green grapes
1862,whole weat flour
1863,grated cheese
1863,avocado
1863,french fries
1863,green tea
1864,turkey
1864,burgers
1864,spaghetti
1864,french wine
1864,eggs
1865,eggs
1865,mashed potato
1866,burgers
1866,ham
1866,spaghetti
1866,soup
1866,almonds
1867,frozen vegetables
1867,chicken
1867,pancakes
1868,chocolate
1868,red wine
1868,spaghetti
1869,mineral water
1869,milk
1870,fresh tuna
1871,french fries
1872,chocolate
1872,red wine
1872,spaghetti
1873,cookies
1874,tomatoes
1874,cake
1875,frozen vegetables
1875,tomatoes
1875,mineral water
1875,chicken
1875,green grapes
1876,pancakes
1876,eggs
1877,ham
1877,grated cheese
1877,frozen vegetables
1877,mineral water
1877,soup
1878,shrimp
1878,babies food
1879,burgers
1879,shrimp
1879,tomatoes
1879,ground beef
1879,tomato sauce
1880,eggs
1880,tea
1881,eggs
1881,low fat yogurt
1882,ham
1882,frozen vegetables
1882,energy bar
1882,whole weat flour
1882,green tea
1883,ground beef
1883,tomato sauce
1883,salmon
1883,chocolate
1883,green tea
1884,frozen vegetables
1884,soda
1884,chocolate
1885,shrimp
1885,frozen vegetables
1885,tomatoes
1885,whole wheat pasta
1885,chocolate
1886,mineral water
1886,energy bar
1886,vegetables mix
1886,green grapes
1887,cooking oil
1887,fresh bread
1888,red wine
1888,mineral water
1888,muffins
1888,pancakes
1888,honey
1889,avocado
1889,eggs
1889,chocolate
1889,energy drink
1890,herb & pepper
1890,olive oil
1890,fresh bread
1891,spaghetti
1891,energy bar
1891,pancakes
1891,whole wheat rice
1891,cake
1892,frozen vegetables
1892,spaghetti
1892,mineral water
1892,barbecue sauce
1892,chocolate
1893,chocolate
1893,herb & pepper
1893,shrimp
1893,frozen vegetables
1893,tomatoes
1894,whole wheat rice
1894,frozen smoothie
1894,low fat yogurt
1894,green tea
1895,burgers
1895,red wine
1895,mineral water
1895,cake
1895,green tea
1896,red wine
1896,mineral water
1896,soup
1896,eggs
1896,pet food
1897,grated cheese
1897,ground beef
1897,pepper
1897,spaghetti
1897,milk
1898,burgers
1898,shrimp
1898,frozen vegetables
1898,tomatoes
1898,light cream
1899,french fries
1900,whole weat flour
1900,french fries
1900,brownies
1901,cake
1901,mint green tea
1902,spaghetti
1902,mineral water
1902,cake
1902,light cream
1902,cooking oil
1903,ground beef
1903,mineral water
1903,milk
1903,oatmeal
1903,chocolate
1904,olive oil
1904,cake
1904,eggplant
1904,french fries
1904,brownies
1905,mineral water
1905,french wine
1905,green tea
1906,mineral water
1906,olive oil
1906,strong cheese
1906,pancakes
1906,clothes accessories
1907,spaghetti
1907,olive oil
1908,grated cheese
1908,ground beef
1908,almonds
1908,salmon
1908,spinach
1909,tomatoes
1909,pepper
1909,mineral water
1910,escalope
1911,spaghetti
1912,mineral water
1912,soup
1912,milk
1912,olive oil
1912,green beans
1913,cake
1913,french fries
1914,burgers
1914,whole wheat rice
1914,ham
1914,eggplant
1915,burgers
1915,dessert wine
1915,strong cheese
1915,french fries
1916,hot dogs
1917,avocado
1918,grated cheese
1918,red wine
1918,tomato sauce
1918,milk
1918,french wine
1919,turkey
1919,burgers
1919,frozen vegetables
1919,mineral water
1919,nonfat milk
1920,chocolate
1921,spaghetti
1921,honey
1921,cooking oil
1921,cookies
1921,mashed potato
1922,dessert wine
1922,eggs
1922,french fries
1923,turkey
1923,burgers
1923,french wine
1923,french fries
1923,green tea
1924,mineral water
1924,soup
1924,meatballs
1924,energy bar
1924,cottage cheese
1925,turkey
1925,chocolate
1925,whole wheat rice
1925,oil
1926,ground beef
1926,chocolate
1926,escalope
1927,french fries
1928,chocolate
1928,milk
1928,olive oil
1929,cereals
1929,chocolate
1929,champagne
1929,green tea
1930,strawberries
1931,whole wheat pasta
1931,ground beef
1931,mineral water
1931,olive oil
1931,green tea
1932,spaghetti
1933,milk
1933,eggs
1934,frozen vegetables
1934,spaghetti
1934,mineral water
1934,frozen smoothie
1934,cottage cheese
1935,mineral water
1936,soup
1936,cookies
1936,brownies
1936,light mayo
1937,mineral water
1937,chocolate
1937,french wine
1937,champagne
1938,chocolate
1939,french fries
1939,pancakes
1939,yogurt cake
1940,burgers
1940,fresh tuna
1940,shrimp
1940,spaghetti
1940,chocolate
1941,oil
1941,frozen smoothie
1942,red wine
1942,mineral water
1942,olive oil
1943,pepper
1943,milk
1943,salmon
1944,grated cheese
1944,cereals
1945,tomatoes
1945,milk
1945,almonds
1945,salmon
1945,pancakes
1946,grated cheese
1946,herb & pepper
1946,ground beef
1946,soup
1946,almonds
1947,shrimp
1947,tomatoes
1948,milk
1948,cake
1949,turkey
1949,spaghetti
1949,milk
1949,energy bar
1949,french wine
1950,turkey
1950,fresh tuna
1950,tomatoes
1950,pancakes
1951,whole wheat rice
1952,ground beef
1952,tomato sauce
1952,spaghetti
1952,milk
1952,hot dogs
1953,salt
1953,fresh bread
1954,milk
1954,green tea
1955,burgers
1955,tomatoes
1955,spaghetti
1955,milk
1955,barbecue sauce
1956,chocolate bread
1956,yogurt cake
1957,whole wheat rice
1957,cake
1957,rice
1958,shrimp
1958,frozen vegetables
1958,mineral water
1958,meatballs
1958,energy bar
1959,chicken
1959,muffins
1959,honey
1959,yogurt cake
1960,energy bar
1960,black tea
1960,eggs
1960,chicken
1960,champagne
1961,soup
1961,olive oil
1961,light mayo
1961,zucchini
1961,green tea
1962,muffins
1962,gluten free bar
1963,french wine
1963,french fries
1964,protein bar
1964,tomato juice
1965,chocolate
1965,french fries
1965,escalope
1965,shampoo
1966,french fries
1966,energy drink
1967,tomatoes
1967,spaghetti
1967,olive oil
1967,oil
1968,mineral water
1968,meatballs
1968,milk
1969,brownies
1970,burgers
1970,spaghetti
1970,avocado
1970,green beans
1971,energy bar
1971,eggs
1972,muffins
1972,green grapes
1972,hot dogs
1973,chocolate
1973,almonds
1973,champagne
1973,frozen smoothie
1974,energy bar
1974,brownies
1975,turkey
1975,frozen vegetables
1975,avocado
1975,eggs
1975,whole wheat rice
1976,protein bar
1977,burgers
1977,shrimp
1977,tomatoes
1977,mineral water
1977,soup
1978,chocolate
1978,spaghetti
1978,mineral water
1978,chicken
1978,tomato juice
1979,milk
1979,escalope
1979,shallot
1979,strawberries
1980,mineral water
1980,milk
1980,oil
1980,chocolate
1980,escalope
1981,milk
1981,chocolate
1982,olive oil
1983,mineral water
1983,milk
1983,french wine
1983,eggs
1983,chocolate
1984,mineral water
1984,honey
1985,shrimp
1985,light cream
1985,rice
1985,cooking oil
1985,chicken
1986,grated cheese
1986,spaghetti
1986,mineral water
1986,eggplant
1986,green tea
1987,energy bar
1988,butter
1988,tomato juice
1988,magazines
1988,low fat yogurt
1989,herb & pepper
1989,mineral water
1989,salmon
1989,whole weat flour
1989,light mayo
1990,spaghetti
1991,mineral water
1991,milk
1991,eggs
1991,chocolate
1992,turkey
1992,shrimp
1992,frozen vegetables
1992,spaghetti
1992,mineral water
1993,milk
1993,eggs
1993,cake
1993,french fries
1994,cookies
1995,cookies
1996,spaghetti
1996,milk
1996,olive oil
1996,low fat yogurt
1997,turkey
1997,burgers
1997,spaghetti
1997,whole wheat rice
1997,light cream
1998,cookies
1999,grated cheese
1999,tomato sauce
1999,spaghetti
1999,fromage blanc
1999,body spray
